381338,0.017467248908297,0.021834061135371,0.06550218340611401,0.157205240174672,0.292576419213974,0.222707423580786,0.109170305676856,0.078602620087336,0.017467248908297,0.017467248908297,1,0
381478,0.041284403669725,0.119266055045872,0.188073394495413,0.275229357798165,0.17889908256880702,0.100917431192661,0.059633027522936,0.022935779816514,0.004587155963303,0.009174311926606,1,0
381592,0.008658008658009,0.043290043290043,0.051948051948052,0.155844155844156,0.28571428571428603,0.294372294372294,0.090909090909091,0.047619047619047984,0.008658008658009,0.012987012987013,1,0
381784,0.0,0.014285714285713997,0.038095238095238,0.128571428571429,0.28571428571428603,0.261904761904762,0.14285714285714302,0.080952380952381,0.023809523809524,0.023809523809524,1,0
381870,0.014018691588784998,0.074766355140187,0.15420560747663598,0.327102803738318,0.289719626168224,0.08411214953271001,0.037383177570094,0.014018691588784998,0.004672897196262,0.0,1,0
382077,0.004545454545455,0.013636363636363998,0.040909090909091,0.12272727272727303,0.259090909090909,0.295454545454546,0.163636363636364,0.063636363636364,0.022727272727273,0.013636363636363998,1,0
382180,0.030172413793104,0.03448275862069,0.073275862068966,0.146551724137931,0.241379310344828,0.254310344827586,0.099137931034483,0.064655172413793,0.030172413793104,0.025862068965517,1,0
382225,0.004237288135593,0.01271186440678,0.029661016949153,0.093220338983051,0.19915254237288105,0.224576271186441,0.21186440677966095,0.127118644067797,0.059322033898305,0.038135593220339,1,0
382294,0.043478260869565,0.073913043478261,0.156521739130435,0.321739130434783,0.269565217391304,0.065217391304348,0.043478260869565,0.021739130434783,0.004347826086957,0.0,1,0
382368,0.004016064257028,0.004016064257028,0.012048192771084,0.024096385542169,0.06425702811245,0.16465863453815302,0.220883534136546,0.204819277108434,0.104417670682731,0.196787148594378,1,0
382472,0.013333333333333,0.026666666666667,0.031111111111111,0.10222222222222198,0.29777777777777803,0.244444444444444,0.164444444444444,0.066666666666667,0.04,0.013333333333333,1,0
382658,0.004566210045662,0.013698630136986,0.08675799086758,0.100456621004566,0.28310502283105,0.28310502283105,0.127853881278539,0.045662100456621,0.041095890410959,0.013698630136986,1,0
382682,0.008810572687225,0.035242290748899,0.05726872246696,0.16740088105726902,0.34361233480176195,0.229074889867841,0.079295154185022,0.04845814977973599,0.008810572687225,0.022026431718062,1,0
382727,0.0,0.008,0.044,0.14,0.26,0.304,0.16,0.052000000000000005,0.016,0.016,1,0
382789,0.004273504273504,0.021367521367521004,0.021367521367521004,0.085470085470086,0.239316239316239,0.299145299145299,0.14529914529914498,0.11965811965812,0.042735042735043,0.021367521367521004,1,0
382842,0.02212389380531,0.030973451327434,0.057522123893805,0.199115044247788,0.327433628318584,0.247787610619469,0.066371681415929,0.035398230088496005,0.013274336283186002,0.0,1,0
382937,0.004484304932734999,0.017937219730942002,0.067264573991031,0.24215246636771304,0.39910313901345296,0.147982062780269,0.067264573991031,0.035874439461884004,0.008968609865471001,0.008968609865471001,1,0
382989,0.0,0.013636363636363998,0.040909090909091,0.118181818181818,0.313636363636364,0.268181818181818,0.13181818181818195,0.05909090909090901,0.036363636363636,0.018181818181818,1,0
383059,0.031111111111111,0.057777777777778,0.146666666666667,0.257777777777778,0.23555555555555605,0.14222222222222194,0.057777777777778,0.04,0.022222222222222,0.008888888888889,1,0
383158,0.004149377593360999,0.008298755186721999,0.020746887966805,0.116182572614108,0.20331950207468905,0.257261410788382,0.195020746887967,0.099585062240664,0.045643153526970986,0.049792531120332,1,0
383225,0.017857142857143002,0.026785714285714003,0.075892857142857,0.191964285714286,0.35267857142857106,0.21875,0.08482142857142899,0.026785714285714003,0.004464285714285999,0.0,1,0
383254,0.008333333333333,0.0,0.0375,0.070833333333333,0.141666666666667,0.2125,0.2,0.1875,0.070833333333333,0.070833333333333,1,0
383310,0.008888888888889,0.022222222222222,0.053333333333333004,0.124444444444444,0.328888888888889,0.23111111111111104,0.12,0.07111111111111099,0.022222222222222,0.017777777777778,1,0
383344,0.0,0.036866359447005,0.101382488479263,0.248847926267281,0.26267281105990803,0.211981566820276,0.09216589861751197,0.023041474654378,0.018433179723502,0.004608294930875999,1,0
383401,0.008583690987124,0.025751072961373,0.081545064377682,0.21030042918454894,0.300429184549356,0.20171673819742494,0.103004291845494,0.047210300429185,0.008583690987124,0.012875536480687,1,0
383468,0.046218487394958,0.046218487394958,0.058823529411765,0.13865546218487398,0.13865546218487398,0.264705882352941,0.13865546218487398,0.08403361344537798,0.029411764705882,0.054621848739495986,1,0
383547,0.0,0.004115226337449001,0.032921810699589,0.04938271604938299,0.127572016460905,0.246913580246914,0.189300411522634,0.17695473251028798,0.05761316872428,0.11522633744856,1,0
383588,0.0,0.017699115044248002,0.035398230088496005,0.163716814159292,0.300884955752212,0.27433628318584097,0.132743362831858,0.04424778761062,0.026548672566372004,0.004424778761062001,1,0
383649,0.009302325581395002,0.041860465116279,0.116279069767442,0.311627906976744,0.311627906976744,0.130232558139535,0.069767441860465,0.004651162790698,0.0,0.004651162790698,1,0
383692,0.009216589861751,0.046082949308755984,0.115207373271889,0.271889400921659,0.33179723502304104,0.14746543778801802,0.04147465437788,0.023041474654378,0.009216589861751,0.004608294930875999,1,0
383724,0.012820512820513002,0.05128205128205099,0.08974358974359001,0.188034188034188,0.33333333333333304,0.226495726495726,0.05982905982906,0.025641025641026004,0.008547008547009,0.004273504273504,1,0
383754,0.0,0.0,0.027149321266968,0.095022624434389,0.21719457013574694,0.33936651583710403,0.171945701357466,0.090497737556561,0.031674208144796004,0.027149321266968,1,0
383785,0.0041666666666670005,0.008333333333333,0.029166666666667007,0.070833333333333,0.208333333333333,0.2375,0.18333333333333304,0.12916666666666698,0.066666666666667,0.0625,1,0
383817,0.025210084033614,0.046218487394958,0.063025210084034,0.23109243697479,0.310924369747899,0.19327731092437,0.058823529411765,0.04201680672268899,0.021008403361345004,0.008403361344538,1,0
383850,0.087719298245614,0.100877192982456,0.192982456140351,0.32456140350877194,0.157894736842105,0.092105263157895,0.035087719298246,0.0,0.0,0.008771929824560999,1,0
383891,0.013574660633484,0.018099547511312,0.08144796380090501,0.095022624434389,0.17647058823529396,0.22171945701357504,0.199095022624434,0.09954751131221698,0.058823529411765,0.036199095022625,1,0
383927,0.004484304932734999,0.022421524663677,0.08071748878923797,0.188340807174888,0.42152466367713,0.139013452914798,0.08968609865470899,0.035874439461884004,0.008968609865471001,0.008968609865471001,1,0
383955,0.027649769585254,0.032258064516129,0.09216589861751197,0.193548387096774,0.30414746543778803,0.19815668202765,0.064516129032258,0.050691244239631,0.018433179723502,0.018433179723502,1,0
383995,0.009090909090909,0.027272727272727,0.068181818181818,0.168181818181818,0.313636363636364,0.190909090909091,0.104545454545455,0.07727272727272701,0.009090909090909,0.031818181818182,1,0
384035,0.017699115044248002,0.013274336283186002,0.110619469026549,0.300884955752212,0.31858407079646,0.13716814159291998,0.053097345132743,0.035398230088496005,0.008849557522124001,0.004424778761062001,1,0
384064,0.0,0.0,0.017699115044248002,0.07522123893805299,0.24336283185840696,0.261061946902655,0.190265486725664,0.13716814159291998,0.048672566371682,0.026548672566372004,1,0
384080,0.013274336283186002,0.04424778761062,0.146017699115044,0.29646017699115,0.305309734513274,0.106194690265487,0.066371681415929,0.013274336283186002,0.004424778761062001,0.004424778761062001,1,0
384094,0.024590163934426,0.028688524590164,0.061475409836066,0.11885245901639302,0.192622950819672,0.278688524590164,0.19672131147541005,0.045081967213114985,0.032786885245901995,0.020491803278689,1,0
384108,0.012345679012346,0.037037037037037,0.065843621399177,0.193415637860082,0.316872427983539,0.19753086419753105,0.11522633744856,0.041152263374486,0.008230452674896999,0.012345679012346,1,0
384130,0.0,0.008695652173913,0.030434782608696,0.065217391304348,0.234782608695652,0.291304347826087,0.165217391304348,0.130434782608696,0.047826086956522,0.026086956521739,1,0
384145,0.0041322314049590005,0.0041322314049590005,0.012396694214876,0.049586776859504,0.136363636363636,0.21900826446281,0.206611570247934,0.169421487603306,0.119834710743802,0.07851239669421499,1,0
384161,0.009132420091324,0.018264840182648,0.06392694063926901,0.11415525114155302,0.31506849315068497,0.219178082191781,0.123287671232877,0.06849315068493199,0.045662100456621,0.022831050228311,1,0
384172,0.0041322314049590005,0.0041322314049590005,0.06611570247933901,0.140495867768595,0.285123966942149,0.25619834710743805,0.14876033057851198,0.053719008264462985,0.024793388429752,0.016528925619835,1,0
48432,0.0,0.021276595744681,0.049645390070922,0.14893617021276598,0.26950354609929106,0.24113475177305,0.120567375886525,0.099290780141844,0.028368794326241,0.021276595744681,1,0
48515,0.0,0.027777777777778,0.006944444444444,0.09027777777777804,0.263888888888889,0.29166666666666696,0.18055555555555605,0.083333333333333,0.034722222222222,0.020833333333333,1,0
48631,0.131944444444444,0.125,0.173611111111111,0.215277777777778,0.18055555555555605,0.118055555555556,0.034722222222222,0.020833333333333,0.0,0.0,1,0
48765,0.006944444444444,0.034722222222222,0.09722222222222196,0.18055555555555605,0.29166666666666696,0.201388888888889,0.138888888888889,0.020833333333333,0.013888888888889,0.013888888888889,1,0
48801,0.020979020979021,0.055944055944056,0.111888111888112,0.258741258741259,0.286713286713287,0.167832167832168,0.055944055944056,0.020979020979021,0.013986013986014,0.006993006993007,1,0
48856,0.0,0.0,0.064748201438849,0.129496402877698,0.258992805755396,0.258992805755396,0.165467625899281,0.07194244604316599,0.035971223021583,0.014388489208633,1,0
48909,0.0,0.00709219858156,0.021276595744681,0.042553191489362,0.198581560283688,0.198581560283688,0.28368794326241104,0.127659574468085,0.070921985815603,0.049645390070922,1,0
48968,0.0,0.013793103448276,0.048275862068966,0.137931034482759,0.30344827586206896,0.23448275862069,0.137931034482759,0.048275862068966,0.03448275862069,0.041379310344828,1,0
49014,0.0,0.013333333333333,0.053333333333333004,0.093333333333333,0.18666666666666695,0.23333333333333306,0.18666666666666695,0.113333333333333,0.06,0.06,1,0
49035,0.034965034965035,0.118881118881119,0.18881118881118905,0.307692307692308,0.20279720279720295,0.104895104895105,0.020979020979021,0.013986013986014,0.0,0.006993006993007,1,0
49063,0.020689655172414,0.027586206896552,0.11034482758620698,0.220689655172414,0.26896551724137896,0.220689655172414,0.096551724137931,0.020689655172414,0.006896551724138,0.006896551724138,1,0
49088,0.0,0.034246575342465994,0.047945205479452,0.143835616438356,0.308219178082192,0.191780821917808,0.136986301369863,0.075342465753425,0.034246575342465994,0.027397260273973,1,0
49102,0.0,0.00709219858156,0.021276595744681,0.028368794326241,0.113475177304965,0.212765957446808,0.23404255319148895,0.14893617021276598,0.085106382978723,0.14893617021276598,1,0
49108,0.0,0.029197080291971,0.021897810218978003,0.138686131386861,0.306569343065693,0.226277372262774,0.17518248175182502,0.05109489051094901,0.029197080291971,0.021897810218978003,1,0
49121,0.006944444444444,0.04861111111111099,0.145833333333333,0.1875,0.25,0.222222222222222,0.076388888888889,0.027777777777778,0.020833333333333,0.013888888888889,1,0
49130,0.007407407407406998,0.007407407407406998,0.05925925925925901,0.140740740740741,0.251851851851852,0.22962962962963,0.162962962962963,0.051851851851852,0.05925925925925901,0.02962962962963,1,0
49141,0.0,0.007194244604317,0.014388489208633,0.093525179856115,0.223021582733813,0.266187050359712,0.158273381294964,0.14388489208633098,0.057553956834532,0.035971223021583,1,0
49161,0.064285714285714,0.107142857142857,0.19285714285714306,0.307142857142857,0.221428571428571,0.092857142857143,0.007142857142856999,0.0,0.0,0.007142857142856999,1,0
49181,0.0,0.006896551724138,0.048275862068966,0.137931034482759,0.27586206896551696,0.227586206896552,0.193103448275862,0.055172413793104,0.020689655172414,0.03448275862069,1,0
49196,0.0,0.014492753623188,0.036231884057971,0.159420289855072,0.22463768115942,0.195652173913043,0.17391304347826098,0.123188405797101,0.043478260869565,0.028985507246377006,1,0
589054,0.0,0.005747126436781999,0.017241379310345,0.091954022988506,0.252873563218391,0.270114942528736,0.17816091954023,0.097701149425287,0.040229885057471,0.045977011494253,1,0
589167,0.018292682926829,0.042682926829268,0.067073170731707,0.310975609756098,0.3170731707317069,0.17073170731707302,0.048780487804878,0.012195121951219998,0.006097560975609999,0.006097560975609999,1,0
589380,0.0,0.0,0.040229885057471,0.21264367816092006,0.36206896551724105,0.241379310344828,0.074712643678161,0.028735632183908,0.022988505747127,0.017241379310345,1,0
589660,0.006024096385542,0.012048192771084,0.018072289156627,0.22289156626506,0.385542168674699,0.198795180722892,0.096385542168675,0.036144578313253004,0.006024096385542,0.018072289156627,1,0
589885,0.005617977528089999,0.01123595505618,0.039325842696629,0.185393258426966,0.337078651685393,0.247191011235955,0.12921348314606698,0.033707865168539,0.0,0.01123595505618,1,0
589955,0.005681818181818001,0.005681818181818001,0.051136363636364014,0.181818181818182,0.426136363636364,0.22159090909090895,0.051136363636364014,0.022727272727273,0.017045454545455,0.017045454545455,1,0
590134,0.0,0.005586592178771,0.011173184357542,0.16201117318435798,0.212290502793296,0.29050279329608897,0.189944134078212,0.072625698324022,0.022346368715084,0.033519553072626,1,0
590347,0.005952380952380999,0.005952380952380999,0.023809523809524,0.077380952380952,0.36904761904761896,0.208333333333333,0.160714285714286,0.10119047619047597,0.035714285714286004,0.011904761904761998,1,0
590451,0.005434782608696,0.027173913043478,0.043478260869565,0.266304347826087,0.39130434782608703,0.17391304347826098,0.07065217391304401,0.010869565217391,0.005434782608696,0.005434782608696,1,0
590594,0.005376344086022,0.0,0.010752688172043,0.102150537634409,0.263440860215054,0.295698924731183,0.198924731182796,0.075268817204301,0.043010752688172005,0.005376344086022,1,0
590683,0.005747126436781999,0.022988505747127,0.022988505747127,0.229885057471264,0.4712643678160921,0.155172413793103,0.045977011494253,0.028735632183908,0.005747126436781999,0.011494252873563,1,0
590798,0.005434782608696,0.005434782608696,0.04891304347826099,0.184782608695652,0.293478260869565,0.27173913043478304,0.108695652173913,0.059782608695652,0.005434782608696,0.016304347826087,1,0
590866,0.034682080924856,0.052023121387283,0.121387283236994,0.3583815028901729,0.242774566473988,0.132947976878613,0.034682080924856,0.011560693641619,0.0,0.011560693641619,1,0
591028,0.0,0.005291005291005,0.015873015873016,0.037037037037037,0.16402116402116398,0.23809523809523805,0.21693121693121695,0.121693121693122,0.100529100529101,0.100529100529101,1,0
591081,0.011904761904761998,0.053571428571429,0.154761904761905,0.4166666666666671,0.28571428571428603,0.053571428571429,0.011904761904761998,0.0,0.0,0.011904761904761998,1,0
591156,0.011173184357542,0.016759776536312998,0.05586592178771,0.201117318435754,0.346368715083799,0.212290502793296,0.083798882681564,0.050279329608939,0.011173184357542,0.011173184357542,1,0
591197,0.0,0.0,0.038461538461539,0.192307692307692,0.28571428571428603,0.263736263736264,0.17032967032967,0.032967032967033,0.005494505494506,0.010989010989011,1,0
591224,0.005494505494506,0.0,0.010989010989011,0.06593406593406599,0.159340659340659,0.28021978021978,0.197802197802198,0.137362637362637,0.087912087912088,0.054945054945055014,1,0
591278,0.0,0.0,0.010471204188482,0.015706806282722998,0.151832460732984,0.31937172774869105,0.23560209424083806,0.146596858638743,0.07329842931937201,0.047120418848168005,1,0
591412,0.005524861878452999,0.0,0.0,0.154696132596685,0.33149171270718203,0.281767955801105,0.160220994475138,0.027624309392265,0.027624309392265,0.011049723756906,1,0
591513,0.005376344086022,0.010752688172043,0.048387096774194,0.204301075268817,0.33333333333333304,0.17741935483871,0.112903225806452,0.048387096774194,0.032258064516129,0.026881720430108,1,0
591533,0.0,0.022222222222222,0.083333333333333,0.21666666666666695,0.4166666666666671,0.155555555555556,0.055555555555556,0.027777777777778,0.011111111111111,0.011111111111111,1,0
591563,0.0,0.011363636363636,0.017045454545455,0.096590909090909,0.35795454545454497,0.284090909090909,0.107954545454545,0.073863636363636,0.034090909090909,0.017045454545455,1,0
591584,0.0,0.022857142857143,0.028571428571429,0.251428571428571,0.3828571428571429,0.2,0.062857142857143,0.04,0.0,0.011428571428572,1,0
591619,0.011363636363636,0.0,0.051136363636364014,0.21022727272727296,0.386363636363636,0.181818181818182,0.102272727272727,0.017045454545455,0.022727272727273,0.017045454545455,1,0
591646,0.0,0.005434782608696,0.021739130434783,0.119565217391304,0.30978260869565194,0.282608695652174,0.125,0.076086956521739,0.043478260869565,0.016304347826087,1,0
591673,0.011494252873563,0.028735632183908,0.103448275862069,0.379310344827586,0.34482758620689696,0.086206896551724,0.022988505747127,0.017241379310345,0.0,0.005747126436781999,1,0
591692,0.011560693641619,0.017341040462428,0.07514450867052,0.28901734104046195,0.3815028901734099,0.121387283236994,0.034682080924856,0.034682080924856,0.017341040462428,0.017341040462428,1,0
591724,0.147058823529412,0.12941176470588198,0.270588235294118,0.317647058823529,0.11176470588235303,0.011764705882353,0.005882352941176,0.005882352941176,0.0,0.0,1,0
591766,0.011173184357542,0.005586592178771,0.005586592178771,0.122905027932961,0.346368715083799,0.279329608938548,0.139664804469274,0.05586592178771,0.016759776536312998,0.016759776536312998,1,0
591784,0.0,0.016574585635358997,0.044198895027624,0.20994475138121504,0.375690607734807,0.19337016574585605,0.093922651933702,0.033149171270717995,0.011049723756906,0.022099447513812,1,0
591795,0.005747126436781999,0.005747126436781999,0.045977011494253,0.18965517241379296,0.425287356321839,0.21264367816092006,0.040229885057471,0.028735632183908,0.028735632183908,0.017241379310345,1,0
591803,0.0,0.005434782608696,0.010869565217391,0.081521739130435,0.35869565217391297,0.23913043478260895,0.141304347826087,0.081521739130435,0.059782608695652,0.021739130434783,1,0
591820,0.005434782608696,0.0,0.021739130434783,0.108695652173913,0.28804347826087,0.282608695652174,0.17391304347826098,0.07065217391304401,0.032608695652174,0.016304347826087,1,0
591829,0.0,0.0,0.022346368715084,0.167597765363128,0.3631284916201121,0.268156424581006,0.111731843575419,0.033519553072626,0.016759776536312998,0.016759776536312998,1,0
676963,0.0,0.0,0.015625,0.041666666666667,0.125,0.197916666666667,0.21875,0.192708333333333,0.119791666666667,0.08854166666666699,1,0
677037,0.005319148936169999,0.037234042553192,0.122340425531915,0.154255319148936,0.425531914893617,0.154255319148936,0.058510638297872,0.026595744680851,0.005319148936169999,0.010638297872341,1,0
677155,0.045197740112994,0.067796610169492,0.124293785310734,0.2598870056497169,0.361581920903955,0.090395480225989,0.028248587570622,0.016949152542373,0.005649717514124001,0.0,1,0
677196,0.011494252873563,0.057471264367816,0.086206896551724,0.23563218390804605,0.413793103448276,0.149425287356322,0.022988505747127,0.022988505747127,0.0,0.0,1,0
677406,0.005263157894737001,0.036842105263158,0.07894736842105299,0.221052631578947,0.34210526315789497,0.189473684210526,0.042105263157894986,0.042105263157894986,0.015789473684211002,0.026315789473684,1,0
677444,0.016759776536312998,0.027932960893855,0.089385474860335,0.217877094972067,0.396648044692738,0.150837988826816,0.061452513966481,0.016759776536312998,0.016759776536312998,0.005586592178771,1,0
677502,0.02247191011236,0.02247191011236,0.033707865168539,0.073033707865169,0.17415730337078694,0.230337078651685,0.168539325842697,0.134831460674157,0.056179775280899014,0.084269662921348,1,0
677571,0.032786885245901995,0.016393442622950997,0.08743169398907101,0.20765027322404395,0.26775956284153,0.234972677595628,0.07103825136612,0.054644808743169015,0.027322404371585,0.0,1,0
677638,0.005649717514124001,0.073446327683616,0.11864406779661,0.28248587570621503,0.40677966101694896,0.067796610169492,0.033898305084746,0.011299435028249,0.0,0.0,1,0
677675,0.005586592178771,0.05586592178771,0.083798882681564,0.23463687150838,0.335195530726257,0.167597765363128,0.05586592178771,0.033519553072626,0.016759776536312998,0.011173184357542,1,0
677718,0.010810810810811,0.05945945945946,0.091891891891892,0.09729729729729697,0.221621621621622,0.237837837837838,0.113513513513514,0.075675675675676,0.06486486486486501,0.027027027027027,1,0
677781,0.0,0.010928961748634,0.065573770491803,0.120218579234973,0.3606557377049179,0.240437158469945,0.098360655737705,0.049180327868853,0.043715846994536005,0.010928961748634,1,0
677841,0.016304347826087,0.043478260869565,0.125,0.282608695652174,0.331521739130435,0.125,0.043478260869565,0.016304347826087,0.016304347826087,0.0,1,0
677910,0.0,0.033149171270717995,0.12707182320442,0.215469613259668,0.36464088397790095,0.13812154696132595,0.08287292817679599,0.005524861878452999,0.027624309392265,0.005524861878452999,1,0
677971,0.0,0.04,0.08,0.28571428571428603,0.36,0.125714285714286,0.068571428571429,0.022857142857143,0.005714285714286,0.011428571428572,1,0
678035,0.039772727272727015,0.0625,0.079545454545455,0.193181818181818,0.267045454545454,0.15909090909090898,0.085227272727273,0.0625,0.028409090909091,0.022727272727273,1,0
678127,0.027932960893855,0.033519553072626,0.122905027932961,0.26256983240223497,0.318435754189944,0.145251396648045,0.050279329608939,0.022346368715084,0.016759776536312998,0.0,1,0
678154,0.017241379310345,0.086206896551724,0.21264367816092006,0.293103448275862,0.31034482758620696,0.03448275862069,0.011494252873563,0.017241379310345,0.017241379310345,0.0,1,0
678198,0.028901734104046006,0.092485549132948,0.179190751445087,0.271676300578035,0.300578034682081,0.06358381502890201,0.034682080924856,0.011560693641619,0.017341040462428,0.0,1,0
678246,0.022727272727273,0.051136363636364014,0.15340909090909102,0.238636363636364,0.363636363636364,0.130681818181818,0.022727272727273,0.011363636363636,0.0,0.005681818181818001,1,0
678258,0.0,0.0,0.01025641025641,0.015384615384615,0.087179487179487,0.21025641025641,0.287179487179487,0.153846153846154,0.102564102564103,0.133333333333333,1,0
678342,0.005347593582888,0.048128342245989005,0.096256684491979,0.20855614973262,0.32620320855615004,0.17112299465240602,0.06951871657754,0.048128342245989005,0.021390374331551,0.005347593582888,1,0
678365,0.010928961748634,0.032786885245901995,0.07103825136612,0.20765027322404395,0.344262295081967,0.185792349726776,0.10382513661202196,0.038251366120219,0.005464480874317001,0.0,1,0
678379,0.017341040462428,0.052023121387283,0.132947976878613,0.277456647398844,0.329479768786127,0.127167630057803,0.034682080924856,0.017341040462428,0.011560693641619,0.0,1,0
678400,0.005524861878452999,0.016574585635358997,0.07182320441989,0.18232044198895,0.3977900552486189,0.160220994475138,0.077348066298343,0.033149171270717995,0.049723756906077006,0.005524861878452999,1,0
678426,0.0,0.010810810810811,0.010810810810811,0.06486486486486501,0.232432432432432,0.259459459459459,0.210810810810811,0.113513513513514,0.048648648648649,0.048648648648649,1,0
678452,0.010928961748634,0.021857923497268,0.065573770491803,0.224043715846995,0.377049180327869,0.20765027322404395,0.06010928961748599,0.010928961748634,0.021857923497268,0.0,1,0
678474,0.063492063492064,0.121693121693122,0.137566137566138,0.211640211640212,0.291005291005291,0.126984126984127,0.015873015873016,0.026455026455027,0.005291005291005,0.0,1,0
678487,0.016949152542373,0.084745762711864,0.152542372881356,0.299435028248588,0.27683615819209,0.124293785310734,0.022598870056497,0.011299435028249,0.005649717514124001,0.005649717514124001,1,0
678509,0.005263157894737001,0.005263157894737001,0.026315789473684,0.06842105263157901,0.226315789473684,0.2684210526315789,0.16315789473684195,0.136842105263158,0.063157894736842,0.036842105263158,1,0
678538,0.005154639175258,0.0,0.010309278350516,0.072164948453608,0.185567010309278,0.288659793814433,0.22680412371134,0.092783505154639,0.067010309278351,0.051546391752577005,1,0
678559,0.027027027027027,0.010810810810811,0.091891891891892,0.237837837837838,0.40540540540540493,0.162162162162162,0.010810810810811,0.037837837837838,0.016216216216216002,0.0,1,0
678567,0.005102040816327,0.0,0.020408163265306,0.01530612244898,0.096938775510204,0.255102040816327,0.23979591836734696,0.153061224489796,0.11734693877551,0.096938775510204,1,0
678576,0.017045454545455,0.034090909090909,0.068181818181818,0.17613636363636398,0.289772727272727,0.238636363636364,0.0625,0.073863636363636,0.028409090909091,0.011363636363636,1,0
678594,0.047872340425532005,0.095744680851064,0.186170212765957,0.24468085106383,0.23404255319148895,0.122340425531915,0.026595744680851,0.021276595744681,0.0,0.021276595744681,1,0
678610,0.010471204188482,0.020942408376963,0.08900523560209403,0.115183246073298,0.261780104712042,0.261780104712042,0.094240837696335,0.099476439790576,0.031413612565445004,0.015706806282722998,1,0
678619,0.010471204188482,0.020942408376963,0.015706806282722998,0.12565445026178002,0.371727748691099,0.225130890052356,0.109947643979058,0.083769633507854,0.015706806282722998,0.020942408376963,1,0
678631,0.021857923497268,0.038251366120219,0.08743169398907101,0.31693989071038203,0.35519125683060104,0.114754098360656,0.032786885245901995,0.027322404371585,0.005464480874317001,0.0,1,0
678646,0.040697674418605,0.040697674418605,0.13372093023255802,0.232558139534884,0.30813953488372103,0.151162790697674,0.017441860465116,0.046511627906977,0.017441860465116,0.011627906976744,1,0
381341,0.004464285714285999,0.017857142857143002,0.044642857142857005,0.160714285714286,0.330357142857143,0.263392857142857,0.08482142857142899,0.053571428571429,0.035714285714286004,0.004464285714285999,1,0
381499,0.0,0.013452914798206,0.058295964125561,0.143497757847534,0.291479820627803,0.26457399103139,0.098654708520179,0.062780269058296,0.040358744394618985,0.026905829596413,1,0
381649,0.070484581497797,0.145374449339207,0.18942731277533,0.25991189427312805,0.215859030837004,0.061674008810573,0.035242290748899,0.017621145374448997,0.004405286343612,0.0,1,0
381794,0.004115226337449001,0.008230452674896999,0.020576131687243,0.05761316872428,0.12345679012345698,0.279835390946502,0.234567901234568,0.135802469135802,0.065843621399177,0.06995884773662599,1,0
381871,0.009345794392523,0.060747663551402,0.102803738317757,0.238317757009346,0.25233644859813104,0.19626168224299104,0.07943925233644901,0.032710280373832,0.014018691588784998,0.014018691588784998,1,0
382089,0.0,0.018018018018018004,0.045045045045045,0.121621621621622,0.337837837837838,0.292792792792793,0.11261261261261303,0.054054054054054,0.009009009009009002,0.009009009009009002,1,0
382184,0.0,0.050925925925926,0.092592592592593,0.263888888888889,0.314814814814815,0.203703703703704,0.050925925925926,0.009259259259259,0.00462962962963,0.009259259259259,1,0
382229,0.012931034482759,0.021551724137931,0.064655172413793,0.15086206896551702,0.34051724137930994,0.211206896551724,0.107758620689655,0.043103448275862,0.030172413793104,0.017241379310345,1,0
382333,0.026431718061674,0.061674008810573,0.158590308370044,0.273127753303965,0.286343612334802,0.145374449339207,0.039647577092511,0.004405286343612,0.004405286343612,0.0,1,0
382418,0.034042553191489,0.017021276595745,0.059574468085106,0.131914893617021,0.272340425531915,0.242553191489362,0.11489361702127697,0.08936170212766001,0.029787234042553,0.008510638297871999,1,0
382579,0.026785714285714003,0.058035714285714,0.116071428571429,0.308035714285714,0.32142857142857106,0.08928571428571401,0.058035714285714,0.017857142857143002,0.0,0.004464285714285999,1,0
382661,0.014285714285713997,0.00952380952381,0.076190476190476,0.214285714285714,0.304761904761905,0.22857142857142895,0.104761904761905,0.033333333333332986,0.00952380952381,0.004761904761905,1,0
382709,0.004464285714285999,0.017857142857143002,0.040178571428572,0.133928571428571,0.3125,0.23214285714285696,0.13839285714285698,0.075892857142857,0.035714285714286004,0.008928571428571,1,0
382728,0.094017094017094,0.06410256410256401,0.106837606837607,0.226495726495726,0.15811965811965806,0.132478632478632,0.08974358974359001,0.068376068376068,0.034188034188034,0.025641025641026004,1,0
382791,0.0,0.025,0.045833333333333004,0.1,0.2125,0.27083333333333304,0.1875,0.095833333333333,0.033333333333332986,0.029166666666667007,1,0
382857,0.008695652173913,0.013043478260870002,0.065217391304348,0.191304347826087,0.321739130434783,0.22173913043478305,0.104347826086957,0.052173913043478,0.013043478260870002,0.008695652173913,1,0
382947,0.022222222222222,0.08,0.18666666666666695,0.306666666666667,0.266666666666667,0.09777777777777802,0.026666666666667,0.013333333333333,0.0,0.0,1,0
383013,0.004405286343612,0.008810572687225,0.070484581497797,0.11013215859030802,0.3700440528634361,0.202643171806167,0.140969162995595,0.052863436123348,0.030837004405286,0.008810572687225,1,0
383100,0.0,0.008849557522124001,0.066371681415929,0.101769911504425,0.199115044247788,0.2876106194690269,0.17699115044247798,0.079646017699115,0.053097345132743,0.026548672566372004,1,0
383176,0.004347826086957,0.021739130434783,0.073913043478261,0.165217391304348,0.321739130434783,0.25652173913043497,0.08695652173913099,0.034782608695652,0.013043478260870002,0.021739130434783,1,0
383229,0.008658008658009,0.03030303030303,0.051948051948052,0.090909090909091,0.311688311688312,0.225108225108225,0.168831168831169,0.060606060606061,0.034632034632035014,0.017316017316016997,1,0
383257,0.00836820083682,0.01255230125523,0.00418410041841,0.050209205020921,0.096234309623431,0.246861924686192,0.251046025104602,0.158995815899582,0.100418410041841,0.071129707112971,1,0
383319,0.004504504504505,0.022522522522523,0.04954954954955,0.135135135135135,0.297297297297297,0.252252252252252,0.153153153153153,0.054054054054054,0.022522522522523,0.009009009009009002,1,0
383364,0.017777777777778,0.022222222222222,0.093333333333333,0.164444444444444,0.33333333333333304,0.16,0.128888888888889,0.044444444444445,0.008888888888889,0.026666666666667,1,0
383402,0.112107623318386,0.10762331838565,0.19282511210762304,0.32735426008968604,0.19730941704035895,0.040358744394618985,0.013452914798206,0.0,0.0,0.008968609865471001,1,0
383496,0.026548672566372004,0.08407079646017701,0.190265486725664,0.283185840707965,0.238938053097345,0.101769911504425,0.053097345132743,0.013274336283186002,0.008849557522124001,0.0,1,0
383551,0.022026431718062,0.039647577092511,0.145374449339207,0.34801762114537393,0.30837004405286306,0.070484581497797,0.04845814977973599,0.008810572687225,0.004405286343612,0.004405286343612,1,0
383601,0.0,0.022026431718062,0.066079295154185,0.145374449339207,0.277533039647577,0.220264317180617,0.13215859030837,0.101321585903084,0.013215859030837,0.022026431718062,1,0
383654,0.026905829596413,0.08520179372197298,0.130044843049327,0.233183856502242,0.18385650224215305,0.174887892376682,0.112107623318386,0.040358744394618985,0.008968609865471001,0.004484304932734999,1,0
383699,0.01255230125523,0.02510460251046,0.058577405857741,0.112970711297071,0.238493723849372,0.225941422594142,0.163179916317992,0.07531380753138099,0.071129707112971,0.01673640167364,1,0
383725,0.004524886877828,0.009049773755656,0.058823529411765,0.122171945701357,0.262443438914027,0.280542986425339,0.17647058823529396,0.049773755656109,0.027149321266968,0.009049773755656,1,0
383757,0.022831050228311,0.06392694063926901,0.091324200913242,0.31506849315068497,0.34246575342465696,0.105022831050228,0.036529680365297,0.018264840182648,0.0,0.004566210045662,1,0
383788,0.030973451327434,0.079646017699115,0.110619469026549,0.261061946902655,0.23008849557522096,0.13716814159291998,0.08849557522123899,0.02212389380531,0.02212389380531,0.017699115044248002,1,0
383827,0.004424778761062001,0.004424778761062001,0.092920353982301,0.16814159292035402,0.345132743362832,0.20796460176991105,0.110619469026549,0.048672566371682,0.013274336283186002,0.004424778761062001,1,0
383858,0.011764705882353,0.007843137254902,0.039215686274510005,0.08235294117647099,0.231372549019608,0.18039215686274496,0.156862745098039,0.156862745098039,0.062745098039216,0.07058823529411799,1,0
383892,0.004524886877828,0.018099547511312,0.058823529411765,0.171945701357466,0.271493212669683,0.262443438914027,0.09954751131221698,0.049773755656109,0.036199095022625,0.027149321266968,1,0
383931,0.013761467889908,0.022935779816514,0.07339449541284401,0.243119266055046,0.353211009174312,0.174311926605505,0.068807339449541,0.027522935779817,0.018348623853211003,0.004587155963303,1,0
383956,0.0,0.030837004405286,0.070484581497797,0.158590308370044,0.317180616740088,0.242290748898678,0.07488986784141001,0.061674008810573,0.022026431718062,0.022026431718062,1,0
384019,0.0,0.011904761904761998,0.031746031746032,0.075396825396825,0.202380952380952,0.21825396825396806,0.222222222222222,0.123015873015873,0.07142857142857201,0.043650793650794,1,0
384039,0.004405286343612,0.030837004405286,0.092511013215859,0.17180616740088098,0.299559471365639,0.229074889867841,0.101321585903084,0.035242290748899,0.013215859030837,0.022026431718062,1,0
384070,0.02262443438914,0.054298642533937014,0.104072398190045,0.276018099547511,0.32579185520362003,0.135746606334842,0.058823529411765,0.018099547511312,0.004524886877828,0.0,1,0
384081,0.02991452991453,0.038461538461539,0.111111111111111,0.25641025641025605,0.307692307692308,0.17521367521367498,0.042735042735043,0.021367521367521004,0.012820512820513002,0.004273504273504,1,0
384097,0.004237288135593,0.025423728813559,0.076271186440678,0.194915254237288,0.364406779661017,0.24576271186440696,0.050847457627119,0.016949152542373,0.008474576271186,0.01271186440678,1,0
384118,0.0,0.0,0.033195020746887995,0.07053941908713701,0.136929460580913,0.224066390041494,0.20331950207468905,0.186721991701245,0.08298755186722,0.062240663900415,1,0
384132,0.0,0.016877637130802,0.105485232067511,0.168776371308017,0.312236286919831,0.223628691983122,0.105485232067511,0.033755274261603,0.025316455696203,0.008438818565401,1,0
384147,0.0,0.004237288135593,0.016949152542373,0.088983050847458,0.19915254237288105,0.224576271186441,0.169491525423729,0.156779661016949,0.084745762711864,0.055084745762712,1,0
384163,0.040178571428572,0.0625,0.214285714285714,0.32142857142857106,0.25446428571428603,0.07142857142857201,0.017857142857143002,0.013392857142857002,0.004464285714285999,0.0,1,0
384177,0.1,0.154545454545455,0.295454545454546,0.277272727272727,0.104545454545455,0.036363636363636,0.009090909090909,0.018181818181818,0.004545454545455,0.0,1,0
48455,0.007042253521127,0.0,0.049295774647887,0.091549295774648,0.21830985915493,0.21830985915493,0.19718309859154895,0.119718309859155,0.05633802816901401,0.042253521126761,1,0
48568,0.0,0.014184397163121,0.056737588652482,0.163120567375887,0.297872340425532,0.198581560283688,0.18439716312056695,0.06382978723404299,0.00709219858156,0.014184397163121,1,0
48705,0.013888888888889,0.041666666666667,0.027777777777778,0.111111111111111,0.298611111111111,0.215277777777778,0.18055555555555605,0.069444444444445,0.020833333333333,0.020833333333333,1,0
48766,0.0,0.013513513513513998,0.027027027027027,0.108108108108108,0.29054054054054,0.24324324324324306,0.15540540540540498,0.094594594594595,0.040540540540541,0.027027027027027,1,0
48803,0.0,0.0,0.037313432835821,0.07462686567164199,0.328358208955224,0.350746268656716,0.134328358208955,0.037313432835821,0.029850746268657007,0.007462686567164,1,0
48885,0.027777777777778,0.0625,0.19444444444444395,0.208333333333333,0.201388888888889,0.159722222222222,0.076388888888889,0.013888888888889,0.013888888888889,0.041666666666667,1,0
48919,0.006896551724138,0.055172413793104,0.08965517241379302,0.262068965517241,0.241379310344828,0.227586206896552,0.08965517241379302,0.006896551724138,0.013793103448276,0.006896551724138,1,0
48969,0.006896551724138,0.03448275862069,0.137931034482759,0.282758620689655,0.296551724137931,0.131034482758621,0.082758620689655,0.006896551724138,0.013793103448276,0.006896551724138,1,0
49018,0.0,0.007142857142856999,0.035714285714286004,0.07142857142857201,0.214285714285714,0.27857142857142897,0.22857142857142895,0.092857142857143,0.028571428571429,0.042857142857143,1,0
49036,0.006944444444444,0.020833333333333,0.125,0.263888888888889,0.3541666666666671,0.166666666666667,0.04861111111111099,0.006944444444444,0.006944444444444,0.0,1,0
49076,0.0,0.0,0.020408163265306,0.027210884353742,0.190476190476191,0.299319727891156,0.190476190476191,0.149659863945578,0.061224489795918,0.061224489795918,1,0
49089,0.0,0.013071895424837,0.039215686274510005,0.019607843137255,0.163398692810458,0.20261437908496696,0.241830065359477,0.137254901960784,0.08496732026143801,0.098039215686275,1,0
49103,0.0,0.0,0.027972027972028,0.090909090909091,0.18881118881118905,0.286713286713287,0.223776223776224,0.125874125874126,0.027972027972028,0.027972027972028,1,0
49110,0.013888888888889,0.034722222222222,0.083333333333333,0.222222222222222,0.340277777777778,0.166666666666667,0.076388888888889,0.027777777777778,0.027777777777778,0.006944444444444,1,0
49123,0.0,0.034246575342465994,0.06849315068493199,0.23972602739726,0.363013698630137,0.178082191780822,0.06849315068493199,0.027397260273973,0.013698630136986,0.006849315068493,1,0
49131,0.0,0.058394160583942,0.17518248175182502,0.277372262773723,0.18978102189781,0.17518248175182502,0.08029197080292,0.036496350364964,0.0,0.0072992700729930015,1,0
49142,0.027586206896552,0.027586206896552,0.23448275862069,0.262068965517241,0.31724137931034496,0.103448275862069,0.020689655172414,0.0,0.0,0.006896551724138,1,0
49164,0.013698630136986,0.034246575342465994,0.047945205479452,0.178082191780822,0.294520547945205,0.19863013698630105,0.123287671232877,0.075342465753425,0.02054794520548,0.013698630136986,1,0
49184,0.013698630136986,0.041095890410959,0.136986301369863,0.253424657534247,0.31506849315068497,0.164383561643836,0.047945205479452,0.013698630136986,0.006849315068493,0.006849315068493,1,0
49197,0.02112676056338,0.05633802816901401,0.098591549295775,0.274647887323944,0.295774647887324,0.154929577464789,0.070422535211268,0.014084507042254,0.007042253521127,0.007042253521127,1,0
589114,0.028901734104046006,0.023121387283237003,0.121387283236994,0.277456647398844,0.248554913294798,0.179190751445087,0.08670520231213902,0.005780346820808999,0.011560693641619,0.017341040462428,1,0
589227,0.0,0.017341040462428,0.040462427745665,0.329479768786127,0.300578034682081,0.208092485549133,0.052023121387283,0.028901734104046006,0.011560693641619,0.011560693641619,1,0
589525,0.005780346820808999,0.0,0.06358381502890201,0.242774566473988,0.364161849710983,0.19075144508670494,0.104046242774566,0.005780346820808999,0.011560693641619,0.011560693641619,1,0
589677,0.011976047904192,0.053892215568862,0.173652694610778,0.425149700598802,0.209580838323353,0.06586826347305401,0.035928143712574995,0.005988023952096,0.011976047904192,0.005988023952096,1,0
589911,0.005917159763314,0.017751479289941002,0.023668639053255003,0.29585798816568,0.319526627218935,0.224852071005917,0.06508875739645,0.023668639053255003,0.005917159763314,0.017751479289941002,1,0
590023,0.0,0.005263157894737001,0.010526315789474,0.05789473684210501,0.2,0.28421052631579,0.226315789473684,0.131578947368421,0.052631578947369,0.031578947368421,1,0
590147,0.005882352941176,0.011764705882353,0.023529411764706,0.211764705882353,0.3823529411764711,0.235294117647059,0.07058823529411799,0.029411764705882,0.011764705882353,0.017647058823529998,1,0
590348,0.0,0.005464480874317001,0.005464480874317001,0.076502732240437,0.245901639344262,0.31147540983606603,0.153005464480874,0.136612021857924,0.054644808743169015,0.010928961748634,1,0
590496,0.0,0.0,0.023255813953488,0.127906976744186,0.343023255813953,0.26744186046511603,0.116279069767442,0.093023255813954,0.011627906976744,0.017441860465116,1,0
590601,0.0,0.005714285714286,0.017142857142857,0.13714285714285698,0.3828571428571429,0.24,0.125714285714286,0.045714285714286,0.017142857142857,0.028571428571429,1,0
590713,0.005524861878452999,0.011049723756906,0.027624309392265,0.18232044198895,0.38674033149171294,0.215469613259668,0.104972375690608,0.038674033149171,0.016574585635358997,0.011049723756906,1,0
590812,0.005649717514124001,0.011299435028249,0.028248587570622,0.175141242937853,0.401129943502825,0.21468926553672305,0.07909604519774,0.067796610169492,0.005649717514124001,0.011299435028249,1,0
590919,0.016483516483517,0.043956043956044,0.115384615384615,0.351648351648352,0.175824175824176,0.148351648351648,0.087912087912088,0.04945054945055,0.005494505494506,0.005494505494506,1,0
591029,0.005780346820808999,0.017341040462428,0.052023121387283,0.28901734104046195,0.31791907514450896,0.179190751445087,0.08670520231213902,0.034682080924856,0.011560693641619,0.005780346820808999,1,0
591090,0.005586592178771,0.005586592178771,0.05586592178771,0.212290502793296,0.35195530726257,0.245810055865922,0.07821229050279299,0.011173184357542,0.022346368715084,0.011173184357542,1,0
591159,0.0,0.016129032258065,0.026881720430108,0.145161290322581,0.241935483870968,0.29032258064516103,0.096774193548387,0.134408602150538,0.037634408602151,0.010752688172043,1,0
591203,0.0,0.017142857142857,0.022857142857143,0.3085714285714289,0.3657142857142861,0.165714285714286,0.062857142857143,0.028571428571429,0.011428571428572,0.017142857142857,1,0
591235,0.010752688172043,0.005376344086022,0.032258064516129,0.231182795698925,0.263440860215054,0.247311827956989,0.096774193548387,0.059139784946237,0.037634408602151,0.016129032258065,1,0
591282,0.0,0.005681818181818001,0.028409090909091,0.244318181818182,0.346590909090909,0.1875,0.130681818181818,0.045454545454546,0.005681818181818001,0.005681818181818001,1,0
591453,0.0,0.0,0.005434782608696,0.038043478260870005,0.16847826086956502,0.304347826086957,0.22826086956521696,0.135869565217391,0.07065217391304401,0.04891304347826099,1,0
591514,0.01123595505618,0.0,0.044943820224719,0.12921348314606698,0.286516853932584,0.286516853932584,0.168539325842697,0.050561797752809,0.016853932584270002,0.005617977528089999,1,0
591535,0.005464480874317001,0.0,0.021857923497268,0.114754098360656,0.218579234972678,0.224043715846995,0.240437158469945,0.092896174863388,0.06010928961748599,0.021857923497268,1,0
591570,0.0,0.0,0.010869565217391,0.07065217391304401,0.21739130434782605,0.255434782608696,0.201086956521739,0.130434782608696,0.04891304347826099,0.065217391304348,1,0
591590,0.058823529411765,0.058823529411765,0.094117647058824,0.317647058823529,0.17647058823529396,0.15294117647058805,0.06470588235294099,0.052941176470588,0.005882352941176,0.017647058823529998,1,0
591631,0.011904761904761998,0.029761904761905,0.07142857142857201,0.31547619047619,0.31547619047619,0.154761904761905,0.05952380952381,0.023809523809524,0.011904761904761998,0.005952380952380999,1,0
591647,0.005847953216374001,0.029239766081871007,0.052631578947369,0.222222222222222,0.31578947368421,0.222222222222222,0.093567251461988,0.029239766081871007,0.017543859649123,0.011695906432749,1,0
591678,0.011834319526626998,0.023668639053255003,0.100591715976331,0.408284023668639,0.29585798816568,0.124260355029586,0.029585798816567994,0.0,0.0,0.005917159763314,1,0
591703,0.005154639175258,0.0,0.005154639175258,0.036082474226804,0.067010309278351,0.175257731958763,0.257731958762887,0.16494845360824698,0.175257731958763,0.11340206185567,1,0
591725,0.005952380952380999,0.023809523809524,0.05952380952381,0.3035714285714289,0.33333333333333304,0.178571428571429,0.053571428571429,0.035714285714286004,0.0,0.005952380952380999,1,0
591767,0.03030303030303,0.036363636363636,0.15757575757575798,0.3393939393939389,0.3393939393939389,0.054545454545455,0.018181818181818,0.006060606060606,0.006060606060606,0.012121212121212,1,0
591789,0.011428571428572,0.017142857142857,0.068571428571429,0.3714285714285711,0.3314285714285711,0.14285714285714302,0.028571428571429,0.017142857142857,0.005714285714286,0.005714285714286,1,0
591796,0.0,0.022598870056497,0.016949152542373,0.084745762711864,0.31638418079096,0.3446327683615819,0.112994350282486,0.067796610169492,0.028248587570622,0.005649717514124001,1,0
591812,0.034883720930233,0.040697674418605,0.13372093023255802,0.424418604651163,0.26744186046511603,0.058139534883721,0.023255813953488,0.005813953488372,0.0,0.011627906976744,1,0
591823,0.010869565217391,0.021739130434783,0.010869565217391,0.17934782608695604,0.304347826086957,0.21195652173913,0.17934782608695604,0.04891304347826099,0.027173913043478,0.005434782608696,1,0
591830,0.0,0.0,0.01123595505618,0.073033707865169,0.235955056179775,0.33146067415730296,0.19101123595505606,0.07865168539325901,0.067415730337079,0.01123595505618,1,0
676991,0.055555555555556,0.08888888888888903,0.15,0.33888888888888896,0.28333333333333305,0.044444444444445,0.016666666666667,0.011111111111111,0.011111111111111,0.0,1,0
677047,0.005847953216374001,0.07602339181286599,0.14035087719298198,0.210526315789474,0.304093567251462,0.204678362573099,0.035087719298246,0.005847953216374001,0.005847953216374001,0.011695906432749,1,0
677167,0.210526315789474,0.12280701754386,0.169590643274854,0.25730994152046804,0.187134502923977,0.035087719298246,0.0,0.011695906432749,0.0,0.005847953216374001,1,0
677314,0.011428571428572,0.028571428571429,0.08571428571428599,0.274285714285714,0.3657142857142861,0.154285714285714,0.045714285714286,0.017142857142857,0.011428571428572,0.005714285714286,1,0
677407,0.0,0.011111111111111,0.027777777777778,0.144444444444444,0.316666666666667,0.23888888888888896,0.15,0.072222222222222,0.022222222222222,0.016666666666667,1,0
677450,0.016666666666667,0.077777777777778,0.111111111111111,0.261111111111111,0.3944444444444439,0.111111111111111,0.011111111111111,0.005555555555556,0.005555555555556,0.005555555555556,1,0
677509,0.090395480225989,0.096045197740113,0.225988700564972,0.305084745762712,0.163841807909605,0.073446327683616,0.011299435028249,0.016949152542373,0.016949152542373,0.0,1,0
677578,0.0,0.0,0.031914893617021,0.122340425531915,0.265957446808511,0.292553191489362,0.127659574468085,0.07446808510638299,0.047872340425532005,0.037234042553192,1,0
677648,0.015873015873016,0.010582010582011,0.037037037037037,0.185185185185185,0.253968253968254,0.253968253968254,0.116402116402116,0.068783068783069,0.052910052910053004,0.005291005291005,1,0
677698,0.005319148936169999,0.015957446808511,0.037234042553192,0.085106382978723,0.297872340425532,0.319148936170213,0.14893617021276598,0.042553191489362,0.042553191489362,0.005319148936169999,1,0
677721,0.005494505494506,0.04945054945055,0.10989010989011,0.258241758241758,0.3736263736263739,0.159340659340659,0.010989010989011,0.016483516483517,0.010989010989011,0.005494505494506,1,0
677795,0.005128205128205,0.005128205128205,0.066666666666667,0.07179487179487201,0.16923076923076902,0.266666666666667,0.23076923076923106,0.10769230769230803,0.04615384615384599,0.030769230769231007,1,0
677848,0.026595744680851,0.079787234042553,0.085106382978723,0.21808510638297893,0.340425531914894,0.159574468085106,0.047872340425532005,0.021276595744681,0.005319148936169999,0.015957446808511,1,0
677920,0.017142857142857,0.068571428571429,0.194285714285714,0.3085714285714289,0.314285714285714,0.05714285714285701,0.011428571428572,0.017142857142857,0.005714285714286,0.005714285714286,1,0
677977,0.0,0.005319148936169999,0.021276595744681,0.111702127659574,0.281914893617021,0.303191489361702,0.16489361702127694,0.053191489361702,0.037234042553192,0.021276595744681,1,0
678036,0.033519553072626,0.050279329608939,0.145251396648045,0.268156424581006,0.26256983240223497,0.11731843575419,0.07821229050279299,0.022346368715084,0.016759776536312998,0.005586592178771,1,0
678129,0.026595744680851,0.06382978723404299,0.085106382978723,0.26063829787234,0.356382978723404,0.127659574468085,0.042553191489362,0.021276595744681,0.005319148936169999,0.010638297872341,1,0
678158,0.017045454545455,0.051136363636364014,0.1875,0.198863636363636,0.329545454545454,0.113636363636364,0.039772727272727015,0.034090909090909,0.022727272727273,0.005681818181818001,1,0
678199,0.045714285714286,0.097142857142857,0.13714285714285698,0.3771428571428571,0.274285714285714,0.028571428571429,0.017142857142857,0.005714285714286,0.017142857142857,0.0,1,0
678249,0.0,0.010471204188482,0.026178010471204,0.020942408376963,0.136125654450262,0.293193717277487,0.225130890052356,0.115183246073298,0.08900523560209403,0.083769633507854,1,0
678259,0.005747126436781999,0.03448275862069,0.074712643678161,0.23563218390804605,0.36206896551724105,0.172413793103448,0.063218390804598,0.028735632183908,0.022988505747127,0.0,1,0
678347,0.0,0.016042780748663,0.053475935828877,0.096256684491979,0.28877005347593604,0.251336898395722,0.13903743315508,0.11764705882352902,0.032085561497326,0.005347593582888,1,0
678366,0.011049723756906,0.038674033149171,0.08839779005524903,0.19337016574585605,0.359116022099448,0.18232044198895,0.05524861878453,0.038674033149171,0.033149171270717995,0.0,1,0
678384,0.011049723756906,0.016574585635358997,0.08287292817679599,0.187845303867403,0.392265193370166,0.19337016574585605,0.05524861878453,0.033149171270717995,0.022099447513812,0.005524861878452999,1,0
678412,0.005524861878452999,0.0,0.049723756906077006,0.143646408839779,0.337016574585635,0.23756906077348106,0.13812154696132595,0.066298342541437,0.011049723756906,0.011049723756906,1,0
678430,0.07602339181286599,0.198830409356725,0.222222222222222,0.210526315789474,0.222222222222222,0.029239766081871007,0.029239766081871007,0.005847953216374001,0.0,0.005847953216374001,1,0
678464,0.0,0.0,0.01025641025641,0.041025641025641,0.15897435897435902,0.251282051282051,0.2,0.15897435897435902,0.117948717948718,0.061538461538462014,1,0
678478,0.0,0.016483516483517,0.098901098901099,0.104395604395604,0.307692307692308,0.274725274725275,0.093406593406593,0.07142857142857201,0.032967032967033,0.0,1,0
678488,0.0,0.005434782608696,0.065217391304348,0.114130434782609,0.293478260869565,0.27173913043478304,0.141304347826087,0.059782608695652,0.021739130434783,0.027173913043478,1,0
678511,0.005617977528089999,0.033707865168539,0.073033707865169,0.185393258426966,0.32022471910112393,0.219101123595506,0.07865168539325901,0.056179775280899014,0.016853932584270002,0.01123595505618,1,0
678546,0.005555555555556,0.005555555555556,0.061111111111110984,0.12777777777777802,0.23333333333333306,0.261111111111111,0.166666666666667,0.038888888888889,0.077777777777778,0.022222222222222,1,0
678560,0.005524861878452999,0.016574585635358997,0.038674033149171,0.060773480662984,0.265193370165746,0.337016574585635,0.171270718232044,0.066298342541437,0.016574585635358997,0.022099447513812,1,0
678570,0.0,0.005208333333333,0.036458333333333,0.057291666666667,0.25520833333333304,0.30208333333333304,0.1875,0.083333333333333,0.046875,0.026041666666667004,1,0
678582,0.0,0.0,0.020304568527919,0.07614213197969599,0.203045685279188,0.34010152284264,0.203045685279188,0.086294416243655,0.055837563451777,0.015228426395939,1,0
678597,0.0,0.021276595744681,0.047872340425532005,0.117021276595745,0.372340425531915,0.292553191489362,0.085106382978723,0.026595744680851,0.037234042553192,0.0,1,0
678611,0.0,0.026041666666667004,0.041666666666667,0.119791666666667,0.338541666666667,0.30208333333333304,0.104166666666667,0.046875,0.015625,0.005208333333333,1,0
678620,0.005524861878452999,0.005524861878452999,0.027624309392265,0.049723756906077006,0.232044198895028,0.287292817679558,0.154696132596685,0.121546961325967,0.066298342541437,0.049723756906077006,1,0
678636,0.0,0.021390374331551,0.053475935828877,0.17112299465240602,0.342245989304813,0.240641711229946,0.101604278074866,0.042780748663102,0.021390374331551,0.005347593582888,1,0
678648,0.005347593582888,0.005347593582888,0.026737967914439,0.112299465240642,0.272727272727273,0.25668449197861,0.149732620320856,0.08556149732620301,0.058823529411765,0.026737967914439,1,0
381364,0.0,0.012658227848101002,0.037974683544304,0.092827004219409,0.244725738396624,0.30801687763713104,0.164556962025316,0.088607594936709,0.021097046413502,0.029535864978903,1,0
381541,0.008438818565401,0.042194092827004,0.105485232067511,0.27426160337552696,0.350210970464135,0.118143459915612,0.063291139240506,0.033755274261603,0.0,0.0042194092827,1,0
381686,0.012931034482759,0.030172413793104,0.073275862068966,0.19396551724137895,0.28448275862069,0.211206896551724,0.112068965517241,0.056034482758621,0.021551724137931,0.004310344827586,1,0
381825,0.004484304932734999,0.017937219730942002,0.062780269058296,0.19282511210762304,0.309417040358744,0.26457399103139,0.094170403587444,0.040358744394618985,0.008968609865471001,0.004484304932734999,1,0
381955,0.008547008547009,0.025641025641026004,0.07264957264957299,0.183760683760684,0.35897435897435903,0.19658119658119705,0.094017094017094,0.038461538461539,0.012820512820513002,0.008547008547009,1,0
382111,0.004524886877828,0.031674208144796004,0.08144796380090501,0.14027149321267002,0.3710407239819,0.199095022624434,0.104072398190045,0.036199095022625,0.018099547511312,0.013574660633484,1,0
382190,0.0,0.008547008547009,0.034188034188034,0.07264957264957299,0.239316239316239,0.239316239316239,0.20085470085470106,0.115384615384615,0.05128205128205099,0.038461538461539,1,0
382237,0.004385964912281,0.013157894736842,0.07017543859649099,0.131578947368421,0.32017543859649106,0.271929824561403,0.065789473684211,0.065789473684211,0.035087719298246,0.021929824561404,1,0
382334,0.106666666666667,0.191111111111111,0.164444444444444,0.23111111111111104,0.17333333333333306,0.09777777777777802,0.026666666666667,0.004444444444444,0.004444444444444,0.0,1,0
382430,0.013215859030837,0.004405286343612,0.035242290748899,0.07488986784141001,0.229074889867841,0.2819383259911889,0.17180616740088098,0.11013215859030802,0.066079295154185,0.013215859030837,1,0
382616,0.0,0.017167381974248996,0.060085836909871,0.12875536480686695,0.244635193133047,0.21030042918454894,0.15450643776824,0.107296137339056,0.05579399141630901,0.021459227467811,1,0
382668,0.008771929824560999,0.017543859649123,0.07017543859649099,0.20614035087719296,0.385964912280702,0.153508771929825,0.065789473684211,0.057017543859649,0.021929824561404,0.013157894736842,1,0
382711,0.008810572687225,0.026431718061674,0.07488986784141001,0.20704845814978,0.356828193832599,0.211453744493392,0.08810572687224699,0.017621145374448997,0.004405286343612,0.004405286343612,1,0
382742,0.008928571428571,0.017857142857143002,0.066964285714286,0.14732142857142902,0.36607142857142894,0.21875,0.116071428571429,0.044642857142857005,0.008928571428571,0.004464285714285999,1,0
382800,0.013043478260870002,0.039130434782609,0.104347826086957,0.234782608695652,0.321739130434783,0.160869565217391,0.065217391304348,0.047826086956522,0.013043478260870002,0.0,1,0
382859,0.004255319148935999,0.008510638297871999,0.06382978723404299,0.161702127659574,0.251063829787234,0.25531914893617,0.11914893617021302,0.085106382978723,0.034042553191489,0.017021276595745,1,0
382957,0.026666666666667,0.035555555555556,0.07111111111111099,0.2,0.35111111111111104,0.217777777777778,0.07111111111111099,0.017777777777778,0.004444444444444,0.004444444444444,1,0
383018,0.0,0.03056768558952,0.061135371179039014,0.14847161572052406,0.248908296943231,0.266375545851528,0.109170305676856,0.096069868995633,0.026200873362446,0.013100436681223,1,0
383115,0.062780269058296,0.08071748878923797,0.18385650224215305,0.2152466367713,0.210762331838565,0.130044843049327,0.08968609865470899,0.017937219730942002,0.008968609865471001,0.0,1,0
383178,0.0,0.022222222222222,0.022222222222222,0.08,0.217777777777778,0.271111111111111,0.23111111111111104,0.066666666666667,0.066666666666667,0.022222222222222,1,0
383230,0.013157894736842,0.035087719298246,0.057017543859649,0.18859649122807,0.263157894736842,0.21929824561403505,0.131578947368421,0.048245614035088,0.021929824561404,0.021929824561404,1,0
383271,0.047413793103448,0.064655172413793,0.09051724137931,0.155172413793103,0.27586206896551696,0.202586206896552,0.099137931034483,0.03448275862069,0.017241379310345,0.012931034482759,1,0
383338,0.008888888888889,0.022222222222222,0.084444444444445,0.10222222222222198,0.302222222222222,0.248888888888889,0.155555555555556,0.04888888888888901,0.013333333333333,0.013333333333333,1,0
383384,0.045454545454546,0.072727272727273,0.15,0.327272727272727,0.26363636363636395,0.1,0.027272727272727,0.009090909090909,0.004545454545455,0.0,1,0
383414,0.009049773755656,0.013574660633484,0.063348416289593,0.18552036199095,0.402714932126697,0.203619909502262,0.085972850678733,0.02262443438914,0.009049773755656,0.004524886877828,1,0
383498,0.02092050209205,0.00836820083682,0.03347280334728,0.108786610878661,0.234309623430962,0.238493723849372,0.221757322175732,0.071129707112971,0.046025104602511,0.01673640167364,1,0
383560,0.0,0.012875536480687,0.034334763948497986,0.12875536480686695,0.244635193133047,0.2489270386266089,0.150214592274678,0.098712446351931,0.042918454935622,0.03862660944206,1,0
383622,0.008928571428571,0.040178571428572,0.0625,0.20535714285714304,0.29017857142857106,0.209821428571429,0.116071428571429,0.03125,0.026785714285714003,0.008928571428571,1,0
383658,0.022026431718062,0.039647577092511,0.092511013215859,0.158590308370044,0.30837004405286306,0.180616740088106,0.11453744493392097,0.052863436123348,0.017621145374448997,0.013215859030837,1,0
383716,0.004329004329004001,0.025974025974026,0.038961038961039,0.0995670995671,0.255411255411255,0.255411255411255,0.190476190476191,0.095238095238095,0.034632034632035014,0.0,1,0
383726,0.027777777777778,0.07870370370370401,0.115740740740741,0.3611111111111111,0.268518518518519,0.106481481481481,0.037037037037037,0.00462962962963,0.0,0.0,1,0
383761,0.0,0.027027027027027,0.094594594594595,0.193693693693694,0.31531531531531504,0.184684684684685,0.11261261261261303,0.04954954954955,0.013513513513513998,0.009009009009009002,1,0
383791,0.045454545454546,0.109090909090909,0.136363636363636,0.286363636363636,0.277272727272727,0.095454545454546,0.031818181818182,0.009090909090909,0.009090909090909,0.0,1,0
383835,0.004444444444444,0.026666666666667,0.057777777777778,0.204444444444444,0.288888888888889,0.248888888888889,0.084444444444445,0.035555555555556,0.017777777777778,0.031111111111111,1,0
383868,0.008547008547009,0.025641025641026004,0.05128205128205099,0.16239316239316198,0.299145299145299,0.209401709401709,0.12820512820512805,0.06410256410256401,0.025641025641026004,0.025641025641026004,1,0
383899,0.008403361344538,0.021008403361345004,0.08823529411764698,0.163865546218487,0.3571428571428571,0.21008403361344505,0.08403361344537798,0.050420168067227,0.012605042016807,0.004201680672269,1,0
383932,0.004464285714285999,0.044642857142857005,0.107142857142857,0.178571428571429,0.3125,0.227678571428571,0.08482142857142899,0.035714285714286004,0.0,0.004464285714285999,1,0
383969,0.026548672566372004,0.06194690265486701,0.15044247787610598,0.256637168141593,0.27876106194690303,0.132743362831858,0.053097345132743,0.026548672566372004,0.008849557522124001,0.004424778761062001,1,0
384030,0.016666666666667,0.020833333333333,0.05,0.104166666666667,0.21666666666666695,0.23333333333333306,0.1625,0.095833333333333,0.041666666666667,0.058333333333333,1,0
384044,0.004608294930875999,0.023041474654378,0.096774193548387,0.26267281105990803,0.34101382488479304,0.193548387096774,0.046082949308755984,0.013824884792626998,0.013824884792626998,0.004608294930875999,1,0
384075,0.004201680672269,0.004201680672269,0.033613445378151,0.126050420168067,0.214285714285714,0.260504201680672,0.18067226890756305,0.121848739495798,0.012605042016807,0.04201680672268899,1,0
384085,0.008547008547009,0.012820512820513002,0.042735042735043,0.098290598290598,0.26068376068376103,0.282051282051282,0.166666666666667,0.076923076923077,0.021367521367521004,0.02991452991453,1,0
384103,0.025423728813559,0.059322033898305,0.156779661016949,0.177966101694915,0.317796610169491,0.13983050847457598,0.055084745762712,0.033898305084746,0.025423728813559,0.008474576271186,1,0
384119,0.027027027027027,0.031531531531532,0.108108108108108,0.265765765765766,0.279279279279279,0.175675675675676,0.076576576576577,0.018018018018018004,0.018018018018018004,0.0,1,0
384134,0.013761467889908,0.032110091743119,0.119266055045872,0.288990825688073,0.334862385321101,0.155963302752294,0.041284403669725,0.004587155963303,0.009174311926606,0.0,1,0
384156,0.008333333333333,0.0125,0.054166666666667,0.091666666666667,0.28333333333333305,0.2875,0.17083333333333306,0.0375,0.0375,0.016666666666667,1,0
384164,0.004385964912281,0.017543859649123,0.048245614035088,0.14035087719298198,0.241228070175439,0.280701754385965,0.131578947368421,0.083333333333333,0.017543859649123,0.035087719298246,1,0
384190,0.0043668122270740005,0.008733624454148001,0.05676855895196499,0.122270742358079,0.222707423580786,0.248908296943231,0.17467248908296898,0.08296943231441099,0.052401746724891,0.026200873362446,1,0
48465,0.03448275862069,0.06896551724137899,0.07586206896551699,0.213793103448276,0.213793103448276,0.172413793103448,0.08965517241379302,0.07586206896551699,0.03448275862069,0.020689655172414,1,0
48572,0.0,0.028169014084507005,0.070422535211268,0.35915492957746503,0.26056338028169,0.147887323943662,0.105633802816901,0.014084507042254,0.014084507042254,0.0,1,0
48714,0.006849315068493,0.027397260273973,0.123287671232877,0.205479452054794,0.24657534246575305,0.253424657534247,0.116438356164384,0.02054794520548,0.0,0.0,1,0
48771,0.0,0.042253521126761,0.119718309859155,0.25352112676056304,0.295774647887324,0.204225352112676,0.070422535211268,0.007042253521127,0.007042253521127,0.0,1,0
48815,0.0,0.007042253521127,0.007042253521127,0.070422535211268,0.23943661971831,0.25352112676056304,0.232394366197183,0.133802816901408,0.02112676056338,0.035211267605634,1,0
48894,0.0,0.014084507042254,0.05633802816901401,0.077464788732394,0.204225352112676,0.22535211267605604,0.211267605633803,0.105633802816901,0.05633802816901401,0.049295774647887,1,0
48921,0.007042253521127,0.014084507042254,0.098591549295775,0.204225352112676,0.3098591549295769,0.204225352112676,0.077464788732394,0.063380281690141,0.014084507042254,0.007042253521127,1,0
49001,0.0,0.007142857142856999,0.007142857142856999,0.042857142857143,0.157142857142857,0.19285714285714306,0.185714285714286,0.121428571428571,0.13571428571428598,0.15,1,0
49026,0.0,0.0,0.028169014084507005,0.091549295774648,0.274647887323944,0.24647887323943696,0.16901408450704195,0.126760563380282,0.028169014084507005,0.035211267605634,1,0
49038,0.041958041958042,0.06993006993007,0.153846153846154,0.20979020979021,0.272727272727273,0.13986013986014,0.090909090909091,0.006993006993007,0.0,0.013986013986014,1,0
49080,0.013422818791946,0.046979865771812006,0.134228187919463,0.25503355704698,0.21476510067114105,0.21476510067114105,0.053691275167785005,0.026845637583893,0.02013422818792,0.02013422818792,1,0
49090,0.0,0.0,0.013793103448276,0.055172413793104,0.15172413793103398,0.213793103448276,0.186206896551724,0.172413793103448,0.11034482758620698,0.096551724137931,1,0
49105,0.047619047619047984,0.102040816326531,0.12244897959183698,0.17006802721088402,0.17006802721088402,0.17687074829932,0.108843537414966,0.074829931972789,0.006802721088435,0.020408163265306,1,0
49117,0.021739130434783,0.014492753623188,0.036231884057971,0.11594202898550697,0.31159420289855105,0.282608695652174,0.123188405797101,0.05072463768116,0.028985507246377006,0.014492753623188,1,0
49126,0.020408163265306,0.047619047619047984,0.163265306122449,0.272108843537415,0.23809523809523805,0.13605442176870694,0.08163265306122501,0.013605442176871,0.020408163265306,0.006802721088435,1,0
49133,0.077464788732394,0.098591549295775,0.30281690140845097,0.21830985915493,0.190140845070423,0.070422535211268,0.035211267605634,0.0,0.0,0.007042253521127,1,0
49143,0.0,0.027777777777778,0.041666666666667,0.083333333333333,0.305555555555556,0.215277777777778,0.166666666666667,0.09722222222222196,0.04861111111111099,0.013888888888889,1,0
49165,0.006993006993007,0.041958041958042,0.118881118881119,0.272727272727273,0.300699300699301,0.153846153846154,0.06993006993007,0.020979020979021,0.0,0.013986013986014,1,0
49193,0.0,0.041095890410959,0.054794520547944994,0.191780821917808,0.232876712328767,0.23972602739726,0.116438356164384,0.089041095890411,0.027397260273973,0.006849315068493,1,0
49198,0.0,0.013698630136986,0.082191780821918,0.18493150684931506,0.3698630136986301,0.212328767123288,0.082191780821918,0.034246575342465994,0.006849315068493,0.013698630136986,1,0
589115,0.0,0.005988023952096,0.017964071856288,0.22155688622754505,0.437125748502994,0.167664670658683,0.11377245508982,0.011976047904192,0.017964071856288,0.005988023952096,1,0
589320,0.051136363636364014,0.056818181818182,0.090909090909091,0.397727272727273,0.25,0.090909090909091,0.039772727272727015,0.005681818181818001,0.011363636363636,0.005681818181818001,1,0
589551,0.0,0.005617977528089999,0.02247191011236,0.106741573033708,0.252808988764045,0.235955056179775,0.162921348314607,0.112359550561798,0.067415730337079,0.033707865168539,1,0
589680,0.005617977528089999,0.044943820224719,0.089887640449438,0.264044943820225,0.34269662921348304,0.157303370786517,0.056179775280899014,0.01123595505618,0.02247191011236,0.005617977528089999,1,0
589919,0.0,0.017441860465116,0.069767441860465,0.238372093023256,0.372093023255814,0.20348837209302306,0.046511627906977,0.029069767441861,0.017441860465116,0.005813953488372,1,0
590053,0.011111111111111,0.005555555555556,0.011111111111111,0.2,0.188888888888889,0.311111111111111,0.16111111111111098,0.066666666666667,0.011111111111111,0.033333333333332986,1,0
590245,0.0,0.0,0.005347593582888,0.048128342245989005,0.13903743315508,0.28342245989304804,0.20855614973262,0.20855614973262,0.048128342245989005,0.058823529411765,1,0
590413,0.011764705882353,0.047058823529412,0.07647058823529401,0.36470588235294105,0.34117647058823497,0.11764705882352902,0.035294117647059,0.0,0.0,0.005882352941176,1,0
590501,0.005882352941176,0.041176470588235,0.135294117647059,0.429411764705882,0.264705882352941,0.08235294117647099,0.005882352941176,0.011764705882353,0.011764705882353,0.011764705882353,1,0
590616,0.0,0.005555555555556,0.033333333333332986,0.133333333333333,0.3666666666666671,0.23888888888888896,0.12777777777777802,0.077777777777778,0.011111111111111,0.005555555555556,1,0
590716,0.0,0.005780346820808999,0.034682080924856,0.18497109826589606,0.335260115606936,0.271676300578035,0.115606936416185,0.011560693641619,0.017341040462428,0.023121387283237003,1,0
590815,0.011111111111111,0.011111111111111,0.077777777777778,0.16111111111111098,0.34444444444444394,0.20555555555555605,0.111111111111111,0.033333333333332986,0.038888888888889,0.005555555555556,1,0
590933,0.005405405405405,0.016216216216216002,0.027027027027027,0.118918918918919,0.232432432432432,0.324324324324324,0.2,0.05945945945946,0.010810810810811,0.005405405405405,1,0
591051,0.0,0.039106145251397,0.139664804469274,0.402234636871508,0.29608938547486,0.072625698324022,0.027932960893855,0.011173184357542,0.0,0.011173184357542,1,0
591096,0.0,0.005524861878452999,0.027624309392265,0.215469613259668,0.425414364640884,0.19337016574585605,0.099447513812155,0.016574585635358997,0.011049723756906,0.005524861878452999,1,0
591164,0.0,0.01123595505618,0.044943820224719,0.325842696629213,0.393258426966292,0.14044943820224698,0.056179775280899014,0.005617977528089999,0.016853932584270002,0.005617977528089999,1,0
591204,0.011363636363636,0.005681818181818001,0.034090909090909,0.289772727272727,0.3693181818181821,0.20454545454545495,0.039772727272727015,0.028409090909091,0.011363636363636,0.005681818181818001,1,0
591247,0.08670520231213902,0.109826589595376,0.202312138728324,0.323699421965318,0.202312138728324,0.034682080924856,0.034682080924856,0.005780346820808999,0.0,0.0,1,0
591298,0.017045454545455,0.022727272727273,0.056818181818182,0.267045454545454,0.403409090909091,0.14204545454545495,0.051136363636364014,0.028409090909091,0.0,0.011363636363636,1,0
591457,0.012121212121212,0.042424242424243,0.12727272727272698,0.363636363636364,0.321212121212121,0.08484848484848499,0.036363636363636,0.006060606060606,0.0,0.006060606060606,1,0
591515,0.005586592178771,0.050279329608939,0.128491620111732,0.340782122905028,0.335195530726257,0.083798882681564,0.027932960893855,0.011173184357542,0.005586592178771,0.011173184357542,1,0
591543,0.0,0.011299435028249,0.045197740112994,0.18079096045197696,0.440677966101695,0.203389830508475,0.073446327683616,0.028248587570622,0.005649717514124001,0.011299435028249,1,0
591574,0.005649717514124001,0.016949152542373,0.028248587570622,0.19774011299435,0.265536723163842,0.192090395480226,0.141242937853107,0.073446327683616,0.03954802259887,0.03954802259887,1,0
591591,0.011173184357542,0.022346368715084,0.083798882681564,0.212290502793296,0.245810055865922,0.240223463687151,0.094972067039106,0.05586592178771,0.022346368715084,0.011173184357542,1,0
591633,0.0,0.005405405405405,0.016216216216216002,0.05945945945946,0.3081081081081081,0.324324324324324,0.189189189189189,0.06486486486486501,0.021621621621622,0.010810810810811,1,0
591665,0.005555555555556,0.0,0.022222222222222,0.211111111111111,0.377777777777778,0.188888888888889,0.116666666666667,0.05,0.011111111111111,0.016666666666667,1,0
591684,0.0,0.0,0.005813953488372,0.093023255813954,0.26744186046511603,0.313953488372093,0.180232558139535,0.093023255813954,0.029069767441861,0.017441860465116,1,0
591704,0.0,0.0,0.028409090909091,0.090909090909091,0.25,0.25,0.21590909090909105,0.090909090909091,0.051136363636364014,0.022727272727273,1,0
591727,0.0,0.005494505494506,0.027472527472528,0.14285714285714302,0.313186813186813,0.241758241758242,0.164835164835165,0.07142857142857201,0.016483516483517,0.016483516483517,1,0
591774,0.005617977528089999,0.005617977528089999,0.07865168539325901,0.230337078651685,0.3651685393258429,0.185393258426966,0.084269662921348,0.02808988764045,0.0,0.016853932584270002,1,0
591792,0.0,0.0,0.005347593582888,0.037433155080214,0.17112299465240602,0.32620320855615004,0.22994652406417104,0.112299465240642,0.074866310160428,0.042780748663102,1,0
591797,0.0,0.005617977528089999,0.02808988764045,0.151685393258427,0.33146067415730296,0.269662921348315,0.106741573033708,0.073033707865169,0.02247191011236,0.01123595505618,1,0
591814,0.005882352941176,0.0,0.041176470588235,0.241176470588235,0.4,0.217647058823529,0.07058823529411799,0.011764705882353,0.005882352941176,0.005882352941176,1,0
591826,0.0,0.011560693641619,0.028901734104046006,0.150289017341041,0.329479768786127,0.23699421965317896,0.138728323699422,0.069364161849711,0.011560693641619,0.023121387283237003,1,0
591831,0.0,0.005464480874317001,0.016393442622950997,0.147540983606557,0.33333333333333304,0.251366120218579,0.12568306010929,0.07103825136612,0.043715846994536005,0.005464480874317001,1,0
676998,0.0,0.028409090909091,0.022727272727273,0.102272727272727,0.21590909090909105,0.329545454545454,0.119318181818182,0.119318181818182,0.039772727272727015,0.022727272727273,1,0
677071,0.032967032967033,0.027472527472528,0.115384615384615,0.302197802197802,0.291208791208791,0.12637362637362598,0.054945054945055014,0.032967032967033,0.010989010989011,0.005494505494506,1,0
677182,0.005050505050505001,0.015151515151515,0.025252525252525,0.15151515151515196,0.323232323232323,0.196969696969697,0.166666666666667,0.040404040404041,0.055555555555556,0.020202020202020003,1,0
677366,0.032786885245901995,0.027322404371585,0.07103825136612,0.153005464480874,0.27322404371584696,0.163934426229508,0.114754098360656,0.065573770491803,0.038251366120219,0.06010928961748599,1,0
677412,0.0,0.005405405405405,0.048648648648649,0.140540540540541,0.254054054054054,0.291891891891892,0.135135135135135,0.075675675675676,0.037837837837838,0.010810810810811,1,0
677467,0.029239766081871007,0.035087719298246,0.06432748538011701,0.339181286549708,0.280701754385965,0.152046783625731,0.06432748538011701,0.011695906432749,0.011695906432749,0.011695906432749,1,0
677527,0.028248587570622,0.073446327683616,0.124293785310734,0.288135593220339,0.37288135593220295,0.056497175141242986,0.016949152542373,0.028248587570622,0.011299435028249,0.0,1,0
677580,0.02247191011236,0.02247191011236,0.039325842696629,0.146067415730337,0.280898876404494,0.252808988764045,0.117977528089888,0.07865168539325901,0.033707865168539,0.005617977528089999,1,0
677654,0.005319148936169999,0.015957446808511,0.047872340425532005,0.127659574468085,0.32446808510638303,0.292553191489362,0.101063829787234,0.053191489361702,0.031914893617021,0.0,1,0
677701,0.016304347826087,0.081521739130435,0.114130434782609,0.244565217391304,0.22826086956521696,0.184782608695652,0.08695652173913099,0.021739130434783,0.010869565217391,0.010869565217391,1,0
677736,0.005208333333333,0.015625,0.026041666666667004,0.06770833333333301,0.161458333333333,0.265625,0.25520833333333304,0.109375,0.057291666666667,0.036458333333333,1,0
677802,0.0,0.045977011494253,0.155172413793103,0.18390804597701105,0.30459770114942497,0.14367816091954,0.103448275862069,0.03448275862069,0.017241379310345,0.011494252873563,1,0
677871,0.0,0.005263157894737001,0.031578947368421,0.063157894736842,0.189473684210526,0.263157894736842,0.205263157894737,0.121052631578947,0.06842105263157901,0.052631578947369,1,0
677935,0.005524861878452999,0.005524861878452999,0.049723756906077006,0.12707182320442,0.33149171270718203,0.248618784530387,0.110497237569061,0.060773480662984,0.044198895027624,0.016574585635358997,1,0
677993,0.005263157894737001,0.010526315789474,0.052631578947369,0.147368421052632,0.27368421052631603,0.2684210526315789,0.126315789473684,0.063157894736842,0.026315789473684,0.026315789473684,1,0
678037,0.037837837837838,0.05945945945946,0.17297297297297304,0.372972972972973,0.286486486486486,0.032432432432433,0.016216216216216002,0.005405405405405,0.010810810810811,0.005405405405405,1,0
678140,0.015873015873016,0.026455026455027,0.063492063492064,0.185185185185185,0.322751322751323,0.17989417989418,0.084656084656085,0.084656084656085,0.021164021164021,0.015873015873016,1,0
678164,0.0,0.033333333333332986,0.066666666666667,0.16111111111111098,0.28333333333333305,0.23888888888888896,0.1,0.083333333333333,0.016666666666667,0.016666666666667,1,0
678222,0.010810810810811,0.016216216216216002,0.07027027027027001,0.162162162162162,0.27027027027027,0.27027027027027,0.102702702702703,0.06486486486486501,0.021621621621622,0.010810810810811,1,0
678250,0.005319148936169999,0.010638297872341,0.053191489361702,0.079787234042553,0.25,0.25,0.159574468085106,0.085106382978723,0.07446808510638299,0.031914893617021,1,0
678288,0.035502958579882005,0.017751479289941002,0.165680473372781,0.23668639053254395,0.384615384615385,0.106508875739645,0.035502958579882005,0.005917159763314,0.005917159763314,0.005917159763314,1,0
678354,0.0,0.010204081632653,0.035714285714286004,0.137755102040816,0.193877551020408,0.255102040816327,0.188775510204082,0.076530612244898,0.08163265306122501,0.020408163265306,1,0
678367,0.005376344086022,0.005376344086022,0.043010752688172005,0.166666666666667,0.274193548387097,0.279569892473118,0.134408602150538,0.064516129032258,0.010752688172043,0.016129032258065,1,0
678389,0.005405405405405,0.016216216216216002,0.075675675675676,0.14594594594594598,0.351351351351351,0.24864864864864894,0.08648648648648699,0.048648648648649,0.016216216216216002,0.005405405405405,1,0
678422,0.005464480874317001,0.021857923497268,0.049180327868853,0.18032786885245894,0.27322404371584696,0.19672131147541005,0.120218579234973,0.08743169398907101,0.054644808743169015,0.010928961748634,1,0
678442,0.015789473684211002,0.015789473684211002,0.036842105263158,0.07894736842105299,0.263157894736842,0.278947368421053,0.178947368421053,0.063157894736842,0.036842105263158,0.031578947368421,1,0
678465,0.005376344086022,0.016129032258065,0.043010752688172005,0.118279569892473,0.209677419354839,0.274193548387097,0.209677419354839,0.064516129032258,0.032258064516129,0.026881720430108,1,0
678481,0.005208333333333,0.015625,0.015625,0.06770833333333301,0.1875,0.32291666666666696,0.192708333333333,0.125,0.057291666666667,0.010416666666667,1,0
678498,0.016304347826087,0.038043478260870005,0.059782608695652,0.20652173913043495,0.34782608695652195,0.201086956521739,0.032608695652174,0.032608695652174,0.016304347826087,0.04891304347826099,1,0
678512,0.005464480874317001,0.021857923497268,0.043715846994536005,0.147540983606557,0.306010928961749,0.245901639344262,0.120218579234973,0.06010928961748599,0.043715846994536005,0.005464480874317001,1,0
678550,0.005649717514124001,0.028248587570622,0.084745762711864,0.203389830508475,0.37288135593220295,0.186440677966102,0.056497175141242986,0.050847457627119,0.011299435028249,0.0,1,0
678563,0.005555555555556,0.011111111111111,0.055555555555556,0.111111111111111,0.3,0.23888888888888896,0.12222222222222197,0.083333333333333,0.061111111111110984,0.011111111111111,1,0
678571,0.010869565217391,0.038043478260870005,0.103260869565217,0.16847826086956502,0.244565217391304,0.266304347826087,0.09239130434782597,0.04891304347826099,0.016304347826087,0.010869565217391,1,0
678583,0.005376344086022,0.037634408602151,0.08602150537634401,0.220430107526882,0.32795698924731204,0.166666666666667,0.096774193548387,0.043010752688172005,0.005376344086022,0.010752688172043,1,0
678599,0.11864406779661,0.169491525423729,0.22033898305084695,0.254237288135593,0.11864406779661,0.084745762711864,0.022598870056497,0.0,0.011299435028249,0.0,1,0
678612,0.037433155080214,0.026737967914439,0.06951871657754,0.101604278074866,0.235294117647059,0.240641711229946,0.13903743315508,0.080213903743316,0.037433155080214,0.032085561497326,1,0
678625,0.005464480874317001,0.027322404371585,0.092896174863388,0.245901639344262,0.3606557377049179,0.163934426229508,0.049180327868853,0.032786885245901995,0.016393442622950997,0.005464480874317001,1,0
678639,0.021857923497268,0.043715846994536005,0.07103825136612,0.224043715846995,0.327868852459016,0.136612021857924,0.07103825136612,0.038251366120219,0.049180327868853,0.016393442622950997,1,0
678649,0.005617977528089999,0.056179775280899014,0.089887640449438,0.314606741573034,0.3539325842696629,0.084269662921348,0.033707865168539,0.02247191011236,0.02808988764045,0.01123595505618,1,0
381405,0.004484304932734999,0.026905829596413,0.08520179372197298,0.25560538116591897,0.3497757847533631,0.188340807174888,0.053811659192825,0.026905829596413,0.0,0.008968609865471001,1,0
381559,0.0,0.004310344827586,0.030172413793104,0.09051724137931,0.25,0.2629310344827589,0.146551724137931,0.163793103448276,0.017241379310345,0.03448275862069,1,0
381726,0.04888888888888901,0.044444444444445,0.12,0.168888888888889,0.293333333333333,0.18666666666666695,0.08888888888888903,0.044444444444445,0.0,0.004444444444444,1,0
381834,0.008928571428571,0.004464285714285999,0.053571428571429,0.066964285714286,0.23660714285714304,0.209821428571429,0.227678571428571,0.133928571428571,0.049107142857143,0.008928571428571,1,0
382039,0.0,0.008658008658009,0.008658008658009,0.060606060606061,0.216450216450216,0.281385281385281,0.181818181818182,0.12987012987013,0.07359307359307403,0.038961038961039,1,0
382120,0.013452914798206,0.013452914798206,0.08071748878923797,0.174887892376682,0.309417040358744,0.233183856502242,0.098654708520179,0.053811659192825,0.017937219730942002,0.004484304932734999,1,0
382198,0.0,0.017021276595745,0.051063829787234005,0.08936170212766001,0.2680851063829789,0.276595744680851,0.153191489361702,0.068085106382979,0.046808510638298,0.029787234042553,1,0
382250,0.004291845493562,0.021459227467811,0.081545064377682,0.197424892703863,0.36480686695279,0.1931330472103,0.07725321888412,0.042918454935622,0.017167381974248996,0.0,1,0
382335,0.052631578947369,0.065789473684211,0.12719298245614,0.285087719298246,0.31578947368421,0.114035087719298,0.026315789473684,0.008771929824560999,0.004385964912281,0.0,1,0
382433,0.008968609865471001,0.035874439461884004,0.143497757847534,0.165919282511211,0.3497757847533631,0.15695067264573995,0.08968609865470899,0.022421524663677,0.004484304932734999,0.022421524663677,1,0
382624,0.017167381974248996,0.021459227467811,0.034334763948497986,0.072961373390558,0.158798283261803,0.300429184549356,0.158798283261803,0.11158798283261802,0.07725321888412,0.047210300429185,1,0
382677,0.018264840182648,0.036529680365297,0.105022831050228,0.255707762557078,0.383561643835616,0.11415525114155302,0.031963470319635,0.027397260273973,0.022831050228311,0.004566210045662,1,0
382718,0.0,0.0,0.058558558558559015,0.13963963963964002,0.2882882882882881,0.283783783783784,0.15765765765765802,0.040540540540541,0.022522522522523,0.009009009009009002,1,0
382749,0.0,0.031390134529148,0.053811659192825,0.19282511210762304,0.354260089686099,0.22869955156950694,0.08968609865470899,0.022421524663677,0.022421524663677,0.004484304932734999,1,0
382821,0.013761467889908,0.059633027522936,0.14678899082568805,0.31651376146789,0.284403669724771,0.123853211009174,0.041284403669725,0.009174311926606,0.004587155963303,0.0,1,0
382914,0.008733624454148001,0.021834061135371,0.03056768558952,0.165938864628821,0.3668122270742361,0.213973799126638,0.117903930131004,0.039301310043668,0.017467248908297,0.017467248908297,1,0
382973,0.021276595744681,0.05531914893617,0.11489361702127697,0.246808510638298,0.365957446808511,0.14893617021276598,0.042553191489362,0.004255319148935999,0.0,0.0,1,0
383028,0.004237288135593,0.025423728813559,0.004237288135593,0.084745762711864,0.24576271186440696,0.313559322033898,0.186440677966102,0.105932203389831,0.01271186440678,0.016949152542373,1,0
383134,0.004484304932734999,0.022421524663677,0.044843049327354,0.19282511210762304,0.3408071748878919,0.2152466367713,0.08968609865470899,0.035874439461884004,0.026905829596413,0.026905829596413,1,0
383179,0.018518518518519,0.055555555555556,0.175925925925926,0.27314814814814803,0.268518518518519,0.12962962962963,0.037037037037037,0.032407407407407995,0.00462962962963,0.00462962962963,1,0
383238,0.013636363636363998,0.040909090909091,0.12272727272727303,0.172727272727273,0.31818181818181795,0.2,0.05909090909090901,0.05,0.018181818181818,0.004545454545455,1,0
383274,0.008771929824560999,0.013157894736842,0.043859649122807,0.18859649122807,0.37280701754386,0.20614035087719296,0.092105263157895,0.030701754385965,0.035087719298246,0.008771929824560999,1,0
383340,0.0043668122270740005,0.017467248908297,0.05676855895196499,0.187772925764192,0.30567685589519605,0.270742358078603,0.08296943231441099,0.06550218340611401,0.0,0.008733624454148001,1,0
383385,0.027272727272727,0.0,0.045454545454546,0.1,0.24090909090909104,0.272727272727273,0.172727272727273,0.081818181818182,0.036363636363636,0.022727272727273,1,0
383446,0.0,0.008583690987124,0.034334763948497986,0.150214592274678,0.278969957081545,0.278969957081545,0.120171673819742,0.072961373390558,0.025751072961373,0.030042918454936007,1,0
383512,0.008733624454148001,0.021834061135371,0.061135371179039014,0.157205240174672,0.292576419213974,0.262008733624454,0.10043668122270698,0.06550218340611401,0.017467248908297,0.013100436681223,1,0
383566,0.056277056277056,0.168831168831169,0.22077922077922105,0.23809523809523805,0.194805194805195,0.064935064935065,0.025974025974026,0.012987012987013,0.012987012987013,0.004329004329004001,1,0
383627,0.0,0.008695652173913,0.043478260869565,0.078260869565217,0.17826086956521695,0.291304347826087,0.21304347826087,0.11739130434782598,0.043478260869565,0.026086956521739,1,0
383673,0.004424778761062001,0.004424778761062001,0.035398230088496005,0.066371681415929,0.194690265486726,0.2876106194690269,0.20353982300885,0.119469026548673,0.048672566371682,0.035398230088496005,1,0
383717,0.038461538461539,0.05128205128205099,0.098290598290598,0.166666666666667,0.26068376068376103,0.192307692307692,0.08119658119658099,0.05982905982906,0.038461538461539,0.012820512820513002,1,0
383727,0.008928571428571,0.008928571428571,0.058035714285714,0.120535714285714,0.3035714285714289,0.263392857142857,0.133928571428571,0.058035714285714,0.026785714285714003,0.017857142857143002,1,0
383768,0.008196721311475001,0.004098360655738,0.024590163934426,0.045081967213114985,0.22131147540983606,0.262295081967213,0.188524590163934,0.15573770491803302,0.061475409836066,0.028688524590164,1,0
383812,0.07142857142857201,0.080357142857143,0.15625,0.28125,0.29017857142857106,0.08482142857142899,0.017857142857143002,0.017857142857143002,0.0,0.0,1,0
383836,0.0125,0.008333333333333,0.058333333333333,0.07916666666666701,0.208333333333333,0.258333333333333,0.2,0.091666666666667,0.041666666666667,0.041666666666667,1,0
383886,0.018348623853211003,0.041284403669725,0.142201834862385,0.22477064220183496,0.339449541284404,0.17889908256880702,0.041284403669725,0.009174311926606,0.0,0.004587155963303,1,0
383914,0.004504504504505,0.0,0.076576576576577,0.11261261261261303,0.25675675675675697,0.306306306306306,0.14864864864864902,0.036036036036036015,0.027027027027027,0.031531531531532,1,0
383941,0.0,0.004115226337449001,0.02880658436214,0.09876543209876598,0.193415637860082,0.279835390946502,0.185185185185185,0.11522633744856,0.061728395061728,0.032921810699589,1,0
383975,0.02212389380531,0.04424778761062,0.110619469026549,0.256637168141593,0.353982300884956,0.146017699115044,0.057522123893805,0.008849557522124001,0.0,0.0,1,0
384033,0.0,0.036199095022625,0.054298642533937014,0.135746606334842,0.34841628959276,0.235294117647059,0.11312217194570097,0.058823529411765,0.009049773755656,0.009049773755656,1,0
384052,0.004484304932734999,0.017937219730942002,0.053811659192825,0.161434977578475,0.37219730941704,0.188340807174888,0.125560538116592,0.040358744394618985,0.031390134529148,0.004484304932734999,1,0
384078,0.0,0.012244897959183995,0.008163265306121999,0.069387755102041,0.23265306122449,0.244897959183673,0.212244897959184,0.118367346938776,0.06530612244898001,0.036734693877551,1,0
384088,0.018181818181818,0.05,0.1,0.25,0.336363636363636,0.172727272727273,0.05,0.013636363636363998,0.009090909090909,0.0,1,0
384104,0.009090909090909,0.05,0.072727272727273,0.209090909090909,0.413636363636364,0.15,0.081818181818182,0.004545454545455,0.0,0.009090909090909,1,0
384120,0.0,0.008695652173913,0.026086956521739,0.11304347826087,0.326086956521739,0.24782608695652206,0.139130434782609,0.082608695652174,0.026086956521739,0.030434782608696,1,0
384137,0.004385964912281,0.039473684210526,0.07017543859649099,0.192982456140351,0.32456140350877194,0.210526315789474,0.118421052631579,0.017543859649123,0.013157894736842,0.008771929824560999,1,0
384157,0.054298642533937014,0.13122171945701402,0.17647058823529396,0.271493212669683,0.21719457013574694,0.067873303167421,0.040723981900453,0.031674208144796004,0.009049773755656,0.0,1,0
384166,0.0,0.017621145374448997,0.070484581497797,0.20704845814978,0.3700440528634361,0.176211453744493,0.096916299559471,0.039647577092511,0.022026431718062,0.0,1,0
384191,0.008695652173913,0.039130434782609,0.056521739130435,0.195652173913043,0.326086956521739,0.2,0.108695652173913,0.034782608695652,0.026086956521739,0.004347826086957,1,0
48487,0.075342465753425,0.13013698630137,0.150684931506849,0.205479452054794,0.23972602739726,0.10958904109589,0.075342465753425,0.006849315068493,0.006849315068493,0.0,1,0
48584,0.006896551724138,0.0,0.027586206896552,0.124137931034483,0.206896551724138,0.262068965517241,0.213793103448276,0.103448275862069,0.03448275862069,0.020689655172414,1,0
48730,0.020408163265306,0.047619047619047984,0.095238095238095,0.204081632653061,0.26530612244898005,0.190476190476191,0.102040816326531,0.054421768707483,0.013605442176871,0.006802721088435,1,0
48788,0.007246376811594,0.05072463768116,0.17391304347826098,0.304347826086957,0.282608695652174,0.13768115942029002,0.036231884057971,0.007246376811594,0.0,0.0,1,0
48816,0.0,0.028368794326241,0.042553191489362,0.141843971631206,0.340425531914894,0.198581560283688,0.14893617021276598,0.056737588652482,0.014184397163121,0.028368794326241,1,0
48901,0.006944444444444,0.027777777777778,0.069444444444445,0.284722222222222,0.3541666666666671,0.138888888888889,0.09027777777777804,0.013888888888889,0.006944444444444,0.006944444444444,1,0
48945,0.0,0.006944444444444,0.013888888888889,0.041666666666667,0.1875,0.24305555555555605,0.173611111111111,0.145833333333333,0.104166666666667,0.083333333333333,1,0
49011,0.0,0.006896551724138,0.048275862068966,0.17931034482758604,0.289655172413793,0.2,0.15172413793103398,0.062068965517241,0.027586206896552,0.03448275862069,1,0
49030,0.028169014084507005,0.035211267605634,0.077464788732394,0.26056338028169,0.30281690140845097,0.17605633802816895,0.077464788732394,0.028169014084507005,0.007042253521127,0.007042253521127,1,0
49039,0.0,0.014184397163121,0.028368794326241,0.078014184397163,0.25531914893617,0.304964539007092,0.141843971631206,0.099290780141844,0.049645390070922,0.028368794326241,1,0
49081,0.0,0.021428571428572,0.107142857142857,0.271428571428571,0.28571428571428603,0.235714285714286,0.035714285714286004,0.035714285714286004,0.0,0.007142857142856999,1,0
49094,0.020979020979021,0.041958041958042,0.097902097902098,0.167832167832168,0.342657342657343,0.17482517482517498,0.062937062937063,0.048951048951049,0.013986013986014,0.027972027972028,1,0
49106,0.0,0.0,0.02112676056338,0.098591549295775,0.190140845070423,0.25352112676056304,0.19718309859154895,0.133802816901408,0.05633802816901401,0.049295774647887,1,0
49118,0.1,0.22857142857142895,0.2571428571428569,0.214285714285714,0.128571428571429,0.042857142857143,0.007142857142856999,0.014285714285713997,0.0,0.007142857142856999,1,0
49128,0.0,0.007194244604317,0.02158273381295,0.07194244604316599,0.194244604316547,0.266187050359712,0.287769784172662,0.100719424460432,0.02158273381295,0.028776978417266,1,0
49134,0.006756756756756999,0.033783783783784,0.175675675675676,0.351351351351351,0.24324324324324306,0.135135135135135,0.040540540540541,0.013513513513513998,0.0,0.0,1,0
49154,0.028776978417266,0.043165467625899,0.064748201438849,0.33093525179856104,0.237410071942446,0.136690647482014,0.122302158273381,0.014388489208633,0.007194244604317,0.014388489208633,1,0
49172,0.0,0.027210884353742,0.074829931972789,0.13605442176870694,0.26530612244898005,0.244897959183673,0.13605442176870694,0.08843537414966,0.020408163265306,0.006802721088435,1,0
49194,0.0,0.0,0.076388888888889,0.09027777777777804,0.3611111111111111,0.222222222222222,0.166666666666667,0.027777777777778,0.034722222222222,0.020833333333333,1,0
49199,0.007194244604317,0.064748201438849,0.086330935251799,0.287769784172662,0.30935251798561203,0.14388489208633098,0.057553956834532,0.02158273381295,0.014388489208633,0.007194244604317,1,0
589134,0.005524861878452999,0.0,0.022099447513812,0.116022099447514,0.281767955801105,0.226519337016575,0.171270718232044,0.099447513812155,0.049723756906077006,0.027624309392265,1,0
589355,0.016216216216216002,0.0,0.037837837837838,0.12972972972973,0.281081081081081,0.297297297297297,0.118918918918919,0.06486486486486501,0.043243243243243,0.010810810810811,1,0
589594,0.005555555555556,0.027777777777778,0.05,0.35,0.316666666666667,0.144444444444444,0.066666666666667,0.016666666666667,0.005555555555556,0.016666666666667,1,0
589756,0.011695906432749,0.017543859649123,0.040935672514620006,0.32163742690058506,0.391812865497076,0.14035087719298198,0.046783625730994,0.017543859649123,0.005847953216374001,0.005847953216374001,1,0
589943,0.005681818181818001,0.017045454545455,0.022727272727273,0.1875,0.352272727272727,0.238636363636364,0.068181818181818,0.056818181818182,0.022727272727273,0.028409090909091,1,0
590098,0.005617977528089999,0.01123595505618,0.016853932584270002,0.134831460674157,0.292134831460674,0.308988764044944,0.101123595505618,0.084269662921348,0.039325842696629,0.005617977528089999,1,0
590252,0.016949152542373,0.050847457627119,0.124293785310734,0.322033898305085,0.350282485875706,0.056497175141242986,0.033898305084746,0.033898305084746,0.005649717514124001,0.005649717514124001,1,0
590424,0.011627906976744,0.029069767441861,0.093023255813954,0.424418604651163,0.337209302325581,0.052325581395349006,0.034883720930233,0.005813953488372,0.005813953488372,0.005813953488372,1,0
590534,0.0,0.023121387283237003,0.05780346820809299,0.329479768786127,0.3583815028901729,0.17341040462427698,0.017341040462428,0.023121387283237003,0.011560693641619,0.005780346820808999,1,0
590649,0.005555555555556,0.0,0.022222222222222,0.1,0.34444444444444394,0.29444444444444395,0.144444444444444,0.055555555555556,0.027777777777778,0.005555555555556,1,0
590768,0.0,0.010695187165774998,0.021390374331551,0.090909090909091,0.25668449197861,0.25668449197861,0.149732620320856,0.106951871657754,0.080213903743316,0.026737967914439,1,0
590836,0.0,0.0,0.010471204188482,0.078534031413613,0.20942408376963295,0.28795811518324604,0.172774869109948,0.109947643979058,0.099476439790576,0.031413612565445004,1,0
590941,0.017045454545455,0.045454545454546,0.119318181818182,0.35795454545454497,0.284090909090909,0.119318181818182,0.028409090909091,0.005681818181818001,0.011363636363636,0.011363636363636,1,0
591061,0.0,0.036585365853659,0.036585365853659,0.359756097560976,0.3170731707317069,0.146341463414634,0.08536585365853701,0.012195121951219998,0.0,0.006097560975609999,1,0
591112,0.0,0.0,0.0,0.054945054945055014,0.203296703296703,0.291208791208791,0.241758241758242,0.120879120879121,0.043956043956044,0.043956043956044,1,0
591165,0.044943820224719,0.039325842696629,0.146067415730337,0.393258426966292,0.297752808988764,0.06179775280898901,0.01123595505618,0.0,0.0,0.005617977528089999,1,0
591214,0.005813953488372,0.052325581395349006,0.098837209302326,0.395348837209302,0.2906976744186049,0.12209302325581403,0.011627906976744,0.005813953488372,0.011627906976744,0.005813953488372,1,0
